location,site_name,survey_year,taxon,latitude,longitude,survey_mean
Jervis Bay,Bowen Island NW,1996,Ecklonia radiata,-35.11272,150.7672,9.8
Jervis Bay,Bowen Island NW,2000,Ecklonia radiata,-35.11272,150.7672,0.4
Jervis Bay,Bowen Island NW,2001,Ecklonia radiata,-35.11272,150.7672,0
Jervis Bay,Bowen Island NW,2003,Ecklonia radiata,-35.11272,150.7672,0.4
Jervis Bay,Bowen Island NW,2004,Ecklonia radiata,-35.11272,150.7672,0.7
Jervis Bay,Bowen Island NW,2005,Ecklonia radiata,-35.11272,150.7672,5
Jervis Bay,Bowen Island NW,2006,Ecklonia radiata,-35.11272,150.7672,8.5
Jervis Bay,Bowen Island NW,2007,Ecklonia radiata,-35.11272,150.7672,2.5
Jervis Bay,Bowen Island NW,2008,Ecklonia radiata,-35.11272,150.7672,5
Jervis Bay,Bowen Island NW,2009,Ecklonia radiata,-35.11272,150.7672,11.8
Jervis Bay,Bowen Island NW,2012,Ecklonia radiata,-35.11272,150.7672,14.9
Jervis Bay,Bowen Island NW,2017,Ecklonia radiata,-35.11272,150.7672,4.5
Jervis Bay,Bowen Island NW,2023,Ecklonia radiata,-35.11272,150.7672,2.5
Jervis Bay,Bowens Island SW,1996,Ecklonia radiata,-35.12113,150.76416,0
Jervis Bay,Bowens Island SW,2000,Ecklonia radiata,-35.12113,150.76416,1
Jervis Bay,Bowens Island SW,2001,Ecklonia radiata,-35.12113,150.76416,0
Jervis Bay,Bowens Island SW,2003,Ecklonia radiata,-35.12113,150.76416,6.7
Jervis Bay,Bowens Island SW,2004,Ecklonia radiata,-35.12113,150.76416,7.5
Jervis Bay,Bowens Island SW,2005,Ecklonia radiata,-35.12113,150.76416,7.7
Jervis Bay,Bowens Island SW,2006,Ecklonia radiata,-35.12113,150.76416,14.7
Jervis Bay,Bowens Island SW,2007,Ecklonia radiata,-35.12113,150.76416,14.7
Jervis Bay,Bowens Island SW,2008,Ecklonia radiata,-35.12113,150.76416,15.1
Jervis Bay,Bowens Island SW,2009,Ecklonia radiata,-35.12113,150.76416,19.2
Jervis Bay,Bowens Island SW,2012,Ecklonia radiata,-35.12113,150.76416,7.3
Jervis Bay,Bowens Island SW,2017,Ecklonia radiata,-35.12113,150.76416,7.5
Jervis Bay,Bowens Island SW,2023,Ecklonia radiata,-35.12113,150.76416,25.2
Jervis Bay,Bristol Pt,1996,Ecklonia radiata,-35.13438,150.72665,40.1
Jervis Bay,Bristol Pt,2000,Ecklonia radiata,-35.13438,150.72665,48.8
Jervis Bay,Bristol Pt,2001,Ecklonia radiata,-35.13438,150.72665,23.1
Jervis Bay,Bristol Pt,2003,Ecklonia radiata,-35.13438,150.72665,28.8
Jervis Bay,Bristol Pt,2004,Ecklonia radiata,-35.13438,150.72665,32.7
Jervis Bay,Bristol Pt,2005,Ecklonia radiata,-35.13438,150.72665,28.6
Jervis Bay,Bristol Pt,2006,Ecklonia radiata,-35.13438,150.72665,20.7
Jervis Bay,Bristol Pt,2007,Ecklonia radiata,-35.13438,150.72665,24.6
Jervis Bay,Bristol Pt,2008,Ecklonia radiata,-35.13438,150.72665,37.6
Jervis Bay,Bristol Pt,2009,Ecklonia radiata,-35.13438,150.72665,17.4
Jervis Bay,Bristol Pt,2012,Ecklonia radiata,-35.13438,150.72665,16.3
Jervis Bay,Bristol Pt,2017,Ecklonia radiata,-35.13438,150.72665,10.7
Jervis Bay,Bristol Pt,2023,Ecklonia radiata,-35.13438,150.72665,46
Jervis Bay,Callala,2000,Ecklonia radiata,-35.00885,150.73106,89.1
Jervis Bay,Callala,2001,Ecklonia radiata,-35.00885,150.73106,85.6
Jervis Bay,Callala,2003,Ecklonia radiata,-35.00885,150.73106,84.3
Jervis Bay,Callala,2004,Ecklonia radiata,-35.00885,150.73106,81.4
Jervis Bay,Callala,2005,Ecklonia radiata,-35.00885,150.73106,89
Jervis Bay,Callala,2006,Ecklonia radiata,-35.00885,150.73106,55.9
Jervis Bay,Callala,2007,Ecklonia radiata,-35.00885,150.73106,85.5
Jervis Bay,Callala,2008,Ecklonia radiata,-35.00885,150.73106,87.5
Jervis Bay,Callala,2009,Ecklonia radiata,-35.00885,150.73106,97.5
Jervis Bay,Callala,2012,Ecklonia radiata,-35.00885,150.73106,83.2
Jervis Bay,Callala,2017,Ecklonia radiata,-35.00885,150.73106,69.2
Jervis Bay,Callala Reef West,2000,Ecklonia radiata,-35.01242,150.71651,80.7
Jervis Bay,Callala Reef West,2001,Ecklonia radiata,-35.01242,150.71651,47.9
Jervis Bay,Callala Reef West,2003,Ecklonia radiata,-35.01242,150.71651,75.7
Jervis Bay,Callala Reef West,2004,Ecklonia radiata,-35.01242,150.71651,69.1
Jervis Bay,Callala Reef West,2005,Ecklonia radiata,-35.01242,150.71651,71.7
Jervis Bay,Callala Reef West,2006,Ecklonia radiata,-35.01242,150.71651,82
Jervis Bay,Callala Reef West,2007,Ecklonia radiata,-35.01242,150.71651,81.6
Jervis Bay,Callala Reef West,2008,Ecklonia radiata,-35.01242,150.71651,68.9
Jervis Bay,Callala Reef West,2009,Ecklonia radiata,-35.01242,150.71651,91.4
Jervis Bay,Callala Reef West,2012,Ecklonia radiata,-35.01242,150.71651,66.1
Jervis Bay,Callala Reef West,2017,Ecklonia radiata,-35.01242,150.71651,20.7
Jervis Bay,Captains Pt,1996,Ecklonia radiata,-35.12097,150.70789,60.5
Jervis Bay,Captains Pt,2000,Ecklonia radiata,-35.12097,150.70789,44
Jervis Bay,Captains Pt,2001,Ecklonia radiata,-35.12097,150.70789,42.5
Jervis Bay,Captains Pt,2003,Ecklonia radiata,-35.12097,150.70789,36.1
Jervis Bay,Captains Pt,2004,Ecklonia radiata,-35.12097,150.70789,28.3
Jervis Bay,Captains Pt,2005,Ecklonia radiata,-35.12097,150.70789,55.6
Jervis Bay,Captains Pt,2006,Ecklonia radiata,-35.12097,150.70789,45.9
Jervis Bay,Captains Pt,2007,Ecklonia radiata,-35.12097,150.70789,42.8
Jervis Bay,Captains Pt,2008,Ecklonia radiata,-35.12097,150.70789,57
Jervis Bay,Captains Pt,2009,Ecklonia radiata,-35.12097,150.70789,40.7
Jervis Bay,Captains Pt,2012,Ecklonia radiata,-35.12097,150.70789,53
Jervis Bay,Captains Pt,2017,Ecklonia radiata,-35.12097,150.70789,32.4
Jervis Bay,Captains Pt,2023,Ecklonia radiata,-35.12097,150.70789,26.5
Jervis Bay,Dart Point East (Grouper Coast South),1996,Ecklonia radiata,-35.07469,150.77344,65
Jervis Bay,Dart Point East (Grouper Coast South),2000,Ecklonia radiata,-35.07469,150.77344,62.1
Jervis Bay,Dart Point East (Grouper Coast South),2001,Ecklonia radiata,-35.07469,150.77344,35.3
Jervis Bay,Dart Point East (Grouper Coast South),2003,Ecklonia radiata,-35.07469,150.77344,64.6
Jervis Bay,Dart Point East (Grouper Coast South),2004,Ecklonia radiata,-35.07469,150.77344,65.5
Jervis Bay,Dart Point East (Grouper Coast South),2005,Ecklonia radiata,-35.07469,150.77344,32.7
Jervis Bay,Dart Point East (Grouper Coast South),2006,Ecklonia radiata,-35.07469,150.77344,41.3
Jervis Bay,Dart Point East (Grouper Coast South),2007,Ecklonia radiata,-35.07469,150.77344,32.9
Jervis Bay,Dart Point East (Grouper Coast South),2008,Ecklonia radiata,-35.07469,150.77344,54.7
Jervis Bay,Dart Point East (Grouper Coast South),2009,Ecklonia radiata,-35.07469,150.77344,49.6
Jervis Bay,Dart Point East (Grouper Coast South),2012,Ecklonia radiata,-35.07469,150.77344,70.7
Jervis Bay,Dart Point East (Grouper Coast South),2017,Ecklonia radiata,-35.07469,150.77344,48.8
Jervis Bay,Drum and Drumstick,2000,Ecklonia radiata,-35.0478,150.83995,2
Jervis Bay,Drum and Drumstick,2001,Ecklonia radiata,-35.0478,150.83995,0
Jervis Bay,Drum and Drumstick,2003,Ecklonia radiata,-35.0478,150.83995,3.1
Jervis Bay,Drum and Drumstick,2004,Ecklonia radiata,-35.0478,150.83995,5
Jervis Bay,Drum and Drumstick,2005,Ecklonia radiata,-35.0478,150.83995,0
Jervis Bay,Drum and Drumstick,2006,Ecklonia radiata,-35.0478,150.83995,9
Jervis Bay,Drum and Drumstick,2007,Ecklonia radiata,-35.0478,150.83995,15.7
Jervis Bay,Drum and Drumstick,2008,Ecklonia radiata,-35.0478,150.83995,12.7
Jervis Bay,Drum and Drumstick,2009,Ecklonia radiata,-35.0478,150.83995,2.8
Jervis Bay,Drum and Drumstick,2012,Ecklonia radiata,-35.0478,150.83995,5
Jervis Bay,Drum and Drumstick,2017,Ecklonia radiata,-35.0478,150.83995,0
Jervis Bay,Drum and Drumstick North (Gumgetters),2000,Ecklonia radiata,-35.04068,150.83386,0
Jervis Bay,Drum and Drumstick North (Gumgetters),2001,Ecklonia radiata,-35.04068,150.83386,0
Jervis Bay,Drum and Drumstick North (Gumgetters),2003,Ecklonia radiata,-35.04068,150.83386,0.5
Jervis Bay,Drum and Drumstick North (Gumgetters),2004,Ecklonia radiata,-35.04068,150.83386,14
Jervis Bay,Drum and Drumstick North (Gumgetters),2005,Ecklonia radiata,-35.04068,150.83386,9.7
Jervis Bay,Drum and Drumstick North (Gumgetters),2006,Ecklonia radiata,-35.04068,150.83386,6.8
Jervis Bay,Drum and Drumstick North (Gumgetters),2007,Ecklonia radiata,-35.04068,150.83386,3.5
Jervis Bay,Drum and Drumstick North (Gumgetters),2008,Ecklonia radiata,-35.04068,150.83386,5
Jervis Bay,Drum and Drumstick North (Gumgetters),2009,Ecklonia radiata,-35.04068,150.83386,12.5
Jervis Bay,Drum and Drumstick North (Gumgetters),2012,Ecklonia radiata,-35.04068,150.83386,13.3
Jervis Bay,Drum and Drumstick North (Gumgetters),2017,Ecklonia radiata,-35.04068,150.83386,0
Jervis Bay,GREEN POINT (GREEN ISLAND),1996,Ecklonia radiata,-35.0162,150.76486,54
Jervis Bay,GREEN POINT (GREEN ISLAND),2000,Ecklonia radiata,-35.0162,150.76486,44.6
Jervis Bay,GREEN POINT (GREEN ISLAND),2001,Ecklonia radiata,-35.0162,150.76486,24.3
Jervis Bay,GREEN POINT (GREEN ISLAND),2003,Ecklonia radiata,-35.0162,150.76486,36.3
Jervis Bay,GREEN POINT (GREEN ISLAND),2004,Ecklonia radiata,-35.0162,150.76486,13.4
Jervis Bay,GREEN POINT (GREEN ISLAND),2005,Ecklonia radiata,-35.0162,150.76486,20.5
Jervis Bay,GREEN POINT (GREEN ISLAND),2006,Ecklonia radiata,-35.0162,150.76486,6.5
Jervis Bay,GREEN POINT (GREEN ISLAND),2007,Ecklonia radiata,-35.0162,150.76486,23.5
Jervis Bay,GREEN POINT (GREEN ISLAND),2008,Ecklonia radiata,-35.0162,150.76486,11.9
Jervis Bay,GREEN POINT (GREEN ISLAND),2009,Ecklonia radiata,-35.0162,150.76486,33.7
Jervis Bay,GREEN POINT (GREEN ISLAND),2012,Ecklonia radiata,-35.0162,150.76486,14.9
Jervis Bay,GREEN POINT (GREEN ISLAND),2017,Ecklonia radiata,-35.0162,150.76486,25.2
Jervis Bay,Greenfield Beach Nth,1996,Ecklonia radiata,-35.09058,150.69409,37.5
Jervis Bay,Greenfield Beach Nth,2000,Ecklonia radiata,-35.09058,150.69409,53.2
Jervis Bay,Greenfield Beach Nth,2001,Ecklonia radiata,-35.09058,150.69409,41
Jervis Bay,Greenfield Beach Nth,2003,Ecklonia radiata,-35.09058,150.69409,43.7
Jervis Bay,Greenfield Beach Nth,2004,Ecklonia radiata,-35.09058,150.69409,56.5
Jervis Bay,Greenfield Beach Nth,2005,Ecklonia radiata,-35.09058,150.69409,51.4
Jervis Bay,Greenfield Beach Nth,2006,Ecklonia radiata,-35.09058,150.69409,47
Jervis Bay,Greenfield Beach Nth,2007,Ecklonia radiata,-35.09058,150.69409,75
Jervis Bay,Greenfield Beach Nth,2008,Ecklonia radiata,-35.09058,150.69409,67.2
Jervis Bay,Greenfield Beach Nth,2009,Ecklonia radiata,-35.09058,150.69409,65
Jervis Bay,Greenfield Beach Nth,2012,Ecklonia radiata,-35.09058,150.69409,54.4
Jervis Bay,Greenfield Beach Nth,2017,Ecklonia radiata,-35.09058,150.69409,45.7
Jervis Bay,Hole in the Wall,2004,Ecklonia radiata,-35.13301,150.74768,6
Jervis Bay,Hole in the Wall,2023,Ecklonia radiata,-35.13301,150.74768,4.3
Jervis Bay,Honeymoon Bay 150 m North (Bindajine Point),1996,Ecklonia radiata,-35.05592,150.77559,61.2
Jervis Bay,Honeymoon Bay 150 m North (Bindajine Point),2000,Ecklonia radiata,-35.05592,150.77559,57.1
Jervis Bay,Honeymoon Bay 150 m North (Bindajine Point),2001,Ecklonia radiata,-35.05592,150.77559,36.8
Jervis Bay,Honeymoon Bay 150 m North (Bindajine Point),2003,Ecklonia radiata,-35.05592,150.77559,62.2
Jervis Bay,Honeymoon Bay 150 m North (Bindajine Point),2004,Ecklonia radiata,-35.05592,150.77559,41.9
Jervis Bay,Honeymoon Bay 150 m North (Bindajine Point),2005,Ecklonia radiata,-35.05592,150.77559,58.4
Jervis Bay,Honeymoon Bay 150 m North (Bindajine Point),2006,Ecklonia radiata,-35.05592,150.77559,41.3
Jervis Bay,Honeymoon Bay 150 m North (Bindajine Point),2007,Ecklonia radiata,-35.05592,150.77559,43.7
Jervis Bay,Honeymoon Bay 150 m North (Bindajine Point),2008,Ecklonia radiata,-35.05592,150.77559,47.7
Jervis Bay,Honeymoon Bay 150 m North (Bindajine Point),2009,Ecklonia radiata,-35.05592,150.77559,51.2
Jervis Bay,Honeymoon Bay 150 m North (Bindajine Point),2012,Ecklonia radiata,-35.05592,150.77559,26.9
Jervis Bay,Honeymoon Bay 150 m North (Bindajine Point),2017,Ecklonia radiata,-35.05592,150.77559,42.9
Jervis Bay,Honeymoon Bay 1km Sth,1996,Ecklonia radiata,-35.0661,150.77299,41.9
Jervis Bay,Honeymoon Bay 1km Sth,2000,Ecklonia radiata,-35.0661,150.77299,16.4
Jervis Bay,Honeymoon Bay 1km Sth,2001,Ecklonia radiata,-35.0661,150.77299,21.4
Jervis Bay,Honeymoon Bay 1km Sth,2003,Ecklonia radiata,-35.0661,150.77299,44.3
Jervis Bay,Honeymoon Bay 1km Sth,2004,Ecklonia radiata,-35.0661,150.77299,4.8
Jervis Bay,Honeymoon Bay 1km Sth,2005,Ecklonia radiata,-35.0661,150.77299,1.8
Jervis Bay,Honeymoon Bay 1km Sth,2006,Ecklonia radiata,-35.0661,150.77299,2.9
Jervis Bay,Honeymoon Bay 1km Sth,2007,Ecklonia radiata,-35.0661,150.77299,2.6
Jervis Bay,Honeymoon Bay 1km Sth,2008,Ecklonia radiata,-35.0661,150.77299,1.4
Jervis Bay,Honeymoon Bay 1km Sth,2009,Ecklonia radiata,-35.0661,150.77299,0
Jervis Bay,Honeymoon Bay 1km Sth,2012,Ecklonia radiata,-35.0661,150.77299,0
Jervis Bay,Honeymoon Bay 1km Sth,2017,Ecklonia radiata,-35.0661,150.77299,0
Jervis Bay,Honeymoon Bay 300m South,1996,Ecklonia radiata,-35.05942,150.77499,14.8
Jervis Bay,Honeymoon Bay 300m South,2000,Ecklonia radiata,-35.05942,150.77499,7.3
Jervis Bay,Honeymoon Bay 300m South,2001,Ecklonia radiata,-35.05942,150.77499,5
Jervis Bay,Honeymoon Bay 300m South,2003,Ecklonia radiata,-35.05942,150.77499,0
Jervis Bay,Honeymoon Bay 300m South,2004,Ecklonia radiata,-35.05942,150.77499,19.7
Jervis Bay,Honeymoon Bay 300m South,2005,Ecklonia radiata,-35.05942,150.77499,7.4
Jervis Bay,Honeymoon Bay 300m South,2006,Ecklonia radiata,-35.05942,150.77499,1
Jervis Bay,Honeymoon Bay 300m South,2007,Ecklonia radiata,-35.05942,150.77499,4.1
Jervis Bay,Honeymoon Bay 300m South,2008,Ecklonia radiata,-35.05942,150.77499,0
Jervis Bay,Honeymoon Bay 300m South,2009,Ecklonia radiata,-35.05942,150.77499,5.5
Jervis Bay,Honeymoon Bay 300m South,2012,Ecklonia radiata,-35.05942,150.77499,8.8
Jervis Bay,Honeymoon Bay 300m South,2017,Ecklonia radiata,-35.05942,150.77499,0.9
Jervis Bay,Husky Caravan Park,2000,Ecklonia radiata,-35.04315,150.67924,78.6
Jervis Bay,Husky Caravan Park,2001,Ecklonia radiata,-35.04315,150.67924,77.5
Jervis Bay,Husky Caravan Park,2003,Ecklonia radiata,-35.04315,150.67924,77.6
Jervis Bay,Husky Caravan Park,2004,Ecklonia radiata,-35.04315,150.67924,89.2
Jervis Bay,Husky Caravan Park,2005,Ecklonia radiata,-35.04315,150.67924,75.1
Jervis Bay,Husky Caravan Park,2006,Ecklonia radiata,-35.04315,150.67924,67.1
Jervis Bay,Husky Caravan Park,2007,Ecklonia radiata,-35.04315,150.67924,80.6
Jervis Bay,Husky Caravan Park,2008,Ecklonia radiata,-35.04315,150.67924,95.8
Jervis Bay,Husky Caravan Park,2009,Ecklonia radiata,-35.04315,150.67924,92.5
Jervis Bay,Husky Caravan Park,2012,Ecklonia radiata,-35.04315,150.67924,65.4
Jervis Bay,Husky Caravan Park,2017,Ecklonia radiata,-35.04315,150.67924,47.2
Jervis Bay,Hyams Beach (Chinamans Reef),1996,Ecklonia radiata,-35.09912,150.69589,26.4
Jervis Bay,Hyams Beach (Chinamans Reef),2000,Ecklonia radiata,-35.09912,150.69589,73.1
Jervis Bay,Hyams Beach (Chinamans Reef),2001,Ecklonia radiata,-35.09912,150.69589,51.9
Jervis Bay,Hyams Beach (Chinamans Reef),2003,Ecklonia radiata,-35.09912,150.69589,51.5
Jervis Bay,Hyams Beach (Chinamans Reef),2004,Ecklonia radiata,-35.09912,150.69589,36.3
Jervis Bay,Hyams Beach (Chinamans Reef),2005,Ecklonia radiata,-35.09912,150.69589,48.9
Jervis Bay,Hyams Beach (Chinamans Reef),2006,Ecklonia radiata,-35.09912,150.69589,54
Jervis Bay,Hyams Beach (Chinamans Reef),2007,Ecklonia radiata,-35.09912,150.69589,47.8
Jervis Bay,Hyams Beach (Chinamans Reef),2008,Ecklonia radiata,-35.09912,150.69589,50.8
Jervis Bay,Hyams Beach (Chinamans Reef),2009,Ecklonia radiata,-35.09912,150.69589,46.7
Jervis Bay,Hyams Beach (Chinamans Reef),2012,Ecklonia radiata,-35.09912,150.69589,58.6
Jervis Bay,Hyams Beach (Chinamans Reef),2017,Ecklonia radiata,-35.09912,150.69589,32.8
Jervis Bay,Hyams Beach (inshore),2003,Ecklonia radiata,-35.13683,150.74036,37.9
Jervis Bay,Hyams Beach (inshore),2007,Ecklonia radiata,-35.13683,150.74036,0
Jervis Bay,Longnose Point North,1996,Ecklonia radiata,-35.07879,150.77982,9.2
Jervis Bay,Longnose Point North,2000,Ecklonia radiata,-35.07879,150.77982,10
Jervis Bay,Longnose Point North,2001,Ecklonia radiata,-35.07879,150.77982,16.3
Jervis Bay,Longnose Point North,2003,Ecklonia radiata,-35.07879,150.77982,20.9
Jervis Bay,Longnose Point North,2004,Ecklonia radiata,-35.07879,150.77982,18.4
Jervis Bay,Longnose Point North,2005,Ecklonia radiata,-35.07879,150.77982,13
Jervis Bay,Longnose Point North,2006,Ecklonia radiata,-35.07879,150.77982,4.1
Jervis Bay,Longnose Point North,2007,Ecklonia radiata,-35.07879,150.77982,6.5
Jervis Bay,Longnose Point North,2008,Ecklonia radiata,-35.07879,150.77982,13.4
Jervis Bay,Longnose Point North,2009,Ecklonia radiata,-35.07879,150.77982,17.5
Jervis Bay,Longnose Point North,2012,Ecklonia radiata,-35.07879,150.77982,7.7
Jervis Bay,Longnose Point North,2017,Ecklonia radiata,-35.07879,150.77982,16.9
Jervis Bay,Longnose Point South,2003,Ecklonia radiata,-35.08182,150.77779,5
Jervis Bay,Longnose Point South,2004,Ecklonia radiata,-35.08182,150.77779,16.6
Jervis Bay,Longnose Point South,2005,Ecklonia radiata,-35.08182,150.77779,5
Jervis Bay,Longnose Point South,2006,Ecklonia radiata,-35.08182,150.77779,3
Jervis Bay,Longnose Point South,2007,Ecklonia radiata,-35.08182,150.77779,5.2
Jervis Bay,Longnose Point South,2008,Ecklonia radiata,-35.08182,150.77779,16.6
Jervis Bay,Longnose Point South,2009,Ecklonia radiata,-35.08182,150.77779,13.2
Jervis Bay,Longnose Point South,2012,Ecklonia radiata,-35.08182,150.77779,8.9
Jervis Bay,Longnose Point South,2017,Ecklonia radiata,-35.08182,150.77779,14.5
Jervis Bay,Montagu Point,1996,Ecklonia radiata,-35.02708,150.77568,40.2
Jervis Bay,Montagu Point,2000,Ecklonia radiata,-35.02708,150.77568,34.3
Jervis Bay,Montagu Point,2001,Ecklonia radiata,-35.02708,150.77568,43.2
Jervis Bay,Montagu Point,2003,Ecklonia radiata,-35.02708,150.77568,51.1
Jervis Bay,Montagu Point,2004,Ecklonia radiata,-35.02708,150.77568,24
Jervis Bay,Montagu Point,2005,Ecklonia radiata,-35.02708,150.77568,37.9
Jervis Bay,Montagu Point,2006,Ecklonia radiata,-35.02708,150.77568,34.1
Jervis Bay,Montagu Point,2007,Ecklonia radiata,-35.02708,150.77568,36.6
Jervis Bay,Montagu Point,2008,Ecklonia radiata,-35.02708,150.77568,32.8
Jervis Bay,Montagu Point,2009,Ecklonia radiata,-35.02708,150.77568,27.4
Jervis Bay,Montagu Point,2012,Ecklonia radiata,-35.02708,150.77568,20.8
Jervis Bay,Montagu Point,2017,Ecklonia radiata,-35.02708,150.77568,19.6
Jervis Bay,Murrays Reef,1996,Ecklonia radiata,-35.12393,150.75235,3.4
Jervis Bay,Murrays Reef,2000,Ecklonia radiata,-35.12393,150.75235,6.2
Jervis Bay,Murrays Reef,2001,Ecklonia radiata,-35.12393,150.75235,5
Jervis Bay,Murrays Reef,2003,Ecklonia radiata,-35.12393,150.75235,14.5
Jervis Bay,Murrays Reef,2004,Ecklonia radiata,-35.12393,150.75235,19.3
Jervis Bay,Murrays Reef,2005,Ecklonia radiata,-35.12393,150.75235,27.5
Jervis Bay,Murrays Reef,2006,Ecklonia radiata,-35.12393,150.75235,23.3
Jervis Bay,Murrays Reef,2007,Ecklonia radiata,-35.12393,150.75235,8.6
Jervis Bay,Murrays Reef,2008,Ecklonia radiata,-35.12393,150.75235,9.3
Jervis Bay,Murrays Reef,2009,Ecklonia radiata,-35.12393,150.75235,14.5
Jervis Bay,Murrays Reef,2012,Ecklonia radiata,-35.12393,150.75235,18.6
Jervis Bay,Murrays Reef,2017,Ecklonia radiata,-35.12393,150.75235,17.5
Jervis Bay,Murrays Reef,2023,Ecklonia radiata,-35.12393,150.75235,25.6
Jervis Bay,Old Lighthouse South,2009,Ecklonia radiata,-35.15487,150.75928,58.6
Jervis Bay,Outer Tubes,2003,Ecklonia radiata,-35.08773,150.79898,15.35
Jervis Bay,Outer Tubes,2004,Ecklonia radiata,-35.08773,150.79898,25.1
Jervis Bay,Outer Tubes,2005,Ecklonia radiata,-35.08773,150.79898,18.15
Jervis Bay,Outer Tubes,2006,Ecklonia radiata,-35.08773,150.79898,20.75
Jervis Bay,Outer Tubes,2007,Ecklonia radiata,-35.08773,150.79898,8.5
Jervis Bay,Outer Tubes,2008,Ecklonia radiata,-35.08773,150.79898,26.75
Jervis Bay,Outer Tubes,2009,Ecklonia radiata,-35.08773,150.79898,27.8
Jervis Bay,Outer Tubes,2012,Ecklonia radiata,-35.08773,150.79898,11.25
Jervis Bay,Outer Tubes,2017,Ecklonia radiata,-35.08773,150.79898,7.2
Jervis Bay,Plantation Point North,1996,Ecklonia radiata,-35.07022,150.69838,76.7
Jervis Bay,Plantation Point North,2000,Ecklonia radiata,-35.07022,150.69838,64.1
Jervis Bay,Plantation Point North,2001,Ecklonia radiata,-35.07022,150.69838,58.5
Jervis Bay,Plantation Point North,2003,Ecklonia radiata,-35.07022,150.69838,69.9
Jervis Bay,Plantation Point North,2004,Ecklonia radiata,-35.07022,150.69838,65
Jervis Bay,Plantation Point North,2005,Ecklonia radiata,-35.07022,150.69838,67.5
Jervis Bay,Plantation Point North,2006,Ecklonia radiata,-35.07022,150.69838,59.1
Jervis Bay,Plantation Point North,2007,Ecklonia radiata,-35.07022,150.69838,65.6
Jervis Bay,Plantation Point North,2008,Ecklonia radiata,-35.07022,150.69838,82.9
Jervis Bay,Plantation Point North,2009,Ecklonia radiata,-35.07022,150.69838,89.9
Jervis Bay,Plantation Point North,2012,Ecklonia radiata,-35.07022,150.69838,60.5
Jervis Bay,Plantation Point North,2017,Ecklonia radiata,-35.07022,150.69838,32.7
Jervis Bay,Plantation Point South,2001,Ecklonia radiata,-35.07227,150.69913,72.5
Jervis Bay,Plantation Point South,2003,Ecklonia radiata,-35.07227,150.69913,56
Jervis Bay,Plantation Point South,2004,Ecklonia radiata,-35.07227,150.69913,51
Jervis Bay,Plantation Point South,2005,Ecklonia radiata,-35.07227,150.69913,54.9
Jervis Bay,Plantation Point South,2006,Ecklonia radiata,-35.07227,150.69913,54.5
Jervis Bay,Plantation Point South,2007,Ecklonia radiata,-35.07227,150.69913,91
Jervis Bay,Plantation Point South,2008,Ecklonia radiata,-35.07227,150.69913,80.8
Jervis Bay,Plantation Point South,2009,Ecklonia radiata,-35.07227,150.69913,62.8
Jervis Bay,Plantation Point South,2012,Ecklonia radiata,-35.07227,150.69913,57.2
Jervis Bay,Plantation Point South,2017,Ecklonia radiata,-35.07227,150.69913,41.6
Jervis Bay,Scottish Rocks,2004,Ecklonia radiata,-35.13488,150.74251,16.1
Jervis Bay,Scottish Rocks,2023,Ecklonia radiata,-35.13488,150.74251,28.1
Jervis Bay,Steamers,2009,Ecklonia radiata,-35.18278,150.7139,47.9
Jervis Bay,Tapalla Point (Husky Reef),2000,Ecklonia radiata,-35.0355,150.67966,58.9
Jervis Bay,Tapalla Point (Husky Reef),2001,Ecklonia radiata,-35.0355,150.67966,66.3
Jervis Bay,Tapalla Point (Husky Reef),2003,Ecklonia radiata,-35.0355,150.67966,88.8
Jervis Bay,Tapalla Point (Husky Reef),2004,Ecklonia radiata,-35.0355,150.67966,65.9
Jervis Bay,Tapalla Point (Husky Reef),2005,Ecklonia radiata,-35.0355,150.67966,45.5
Jervis Bay,Tapalla Point (Husky Reef),2006,Ecklonia radiata,-35.0355,150.67966,40.1
Jervis Bay,Tapalla Point (Husky Reef),2007,Ecklonia radiata,-35.0355,150.67966,95.7
Jervis Bay,Tapalla Point (Husky Reef),2008,Ecklonia radiata,-35.0355,150.67966,75.2
Jervis Bay,Tapalla Point (Husky Reef),2009,Ecklonia radiata,-35.0355,150.67966,90.1
Jervis Bay,Tapalla Point (Husky Reef),2012,Ecklonia radiata,-35.0355,150.67966,81.3
Jervis Bay,Tapalla Point (Husky Reef),2017,Ecklonia radiata,-35.0355,150.67966,44.5
Jervis Bay,The Docks 1 The Gulch,1996,Ecklonia radiata,-35.08142,150.79732,0.3
Jervis Bay,The Docks 1 The Gulch,2000,Ecklonia radiata,-35.08142,150.79732,0
Jervis Bay,The Docks 1 The Gulch,2001,Ecklonia radiata,-35.08142,150.79732,0
Jervis Bay,The Docks 1 The Gulch,2003,Ecklonia radiata,-35.08142,150.79732,3.55
Jervis Bay,The Docks 1 The Gulch,2004,Ecklonia radiata,-35.08142,150.79732,1.45
Jervis Bay,The Docks 1 The Gulch,2005,Ecklonia radiata,-35.08142,150.79732,10.85
Jervis Bay,The Docks 1 The Gulch,2006,Ecklonia radiata,-35.08142,150.79732,7.05
Jervis Bay,The Docks 1 The Gulch,2007,Ecklonia radiata,-35.08142,150.79732,4.6
Jervis Bay,The Docks 1 The Gulch,2008,Ecklonia radiata,-35.08142,150.79732,2.55
Jervis Bay,The Docks 1 The Gulch,2009,Ecklonia radiata,-35.08142,150.79732,1.75
Jervis Bay,The Docks 1 The Gulch,2012,Ecklonia radiata,-35.08142,150.79732,1.5
Jervis Bay,The Docks 1 The Gulch,2017,Ecklonia radiata,-35.08142,150.79732,2.5
Jervis Bay,The Docks 2 Inner Tubes,1996,Ecklonia radiata,-35.07993,150.793,0.3
Jervis Bay,The Docks 2 Inner Tubes,2000,Ecklonia radiata,-35.07993,150.793,1.2
Jervis Bay,The Docks 2 Inner Tubes,2001,Ecklonia radiata,-35.07993,150.793,3
Jervis Bay,The Docks 2 Inner Tubes,2003,Ecklonia radiata,-35.07993,150.793,4.7
Jervis Bay,The Docks 2 Inner Tubes,2004,Ecklonia radiata,-35.07993,150.793,3.75
Jervis Bay,The Docks 2 Inner Tubes,2005,Ecklonia radiata,-35.07993,150.793,1.25
Jervis Bay,The Docks 2 Inner Tubes,2006,Ecklonia radiata,-35.07993,150.793,3
Jervis Bay,The Docks 2 Inner Tubes,2007,Ecklonia radiata,-35.07993,150.793,0.2
Jervis Bay,The Docks 2 Inner Tubes,2008,Ecklonia radiata,-35.07993,150.793,6
Jervis Bay,The Docks 2 Inner Tubes,2009,Ecklonia radiata,-35.07993,150.793,3.35
Jervis Bay,The Docks 2 Inner Tubes,2012,Ecklonia radiata,-35.07993,150.793,1.4
Jervis Bay,The Docks 2 Inner Tubes,2017,Ecklonia radiata,-35.07993,150.793,0
Jervis Bay,The Docks 3 North Black Boat Cove,1996,Ecklonia radiata,-35.07768,150.79224,17.9
Jervis Bay,The Docks 3 North Black Boat Cove,2000,Ecklonia radiata,-35.07768,150.79224,0
Jervis Bay,The Docks 3 North Black Boat Cove,2001,Ecklonia radiata,-35.07768,150.79224,0
Jervis Bay,The Docks 3 North Black Boat Cove,2003,Ecklonia radiata,-35.07768,150.79224,0
Jervis Bay,The Docks 3 North Black Boat Cove,2004,Ecklonia radiata,-35.07768,150.79224,0
Jervis Bay,The Docks 3 North Black Boat Cove,2005,Ecklonia radiata,-35.07768,150.79224,6.8
Jervis Bay,The Docks 3 North Black Boat Cove,2006,Ecklonia radiata,-35.07768,150.79224,0
Jervis Bay,The Docks 3 North Black Boat Cove,2007,Ecklonia radiata,-35.07768,150.79224,0
Jervis Bay,The Docks 3 North Black Boat Cove,2008,Ecklonia radiata,-35.07768,150.79224,2.1
Jervis Bay,The Docks 3 North Black Boat Cove,2009,Ecklonia radiata,-35.07768,150.79224,2.6
Jervis Bay,The Docks 3 North Black Boat Cove,2012,Ecklonia radiata,-35.07768,150.79224,0
Jervis Bay,The Docks 3 North Black Boat Cove,2017,Ecklonia radiata,-35.07768,150.79224,1.4
Jurien,Australia Lump,1999,Ecklonia radiata,-30.19647,114.9886,12.9
Jurien,Australia Lump,2000,Ecklonia radiata,-30.19647,114.9886,15.3
Jurien,Australia Lump,2003,Ecklonia radiata,-30.19647,114.9886,13.8
Jurien,Australia Lump,2004,Ecklonia radiata,-30.19647,114.9886,15.1
Jurien,Australia Lump,2006,Ecklonia radiata,-30.19647,114.9886,13.3
Jurien,Australia Lump,2013,Ecklonia radiata,-30.19647,114.9886,5.2
Jurien,Australia Lump,2016,Ecklonia radiata,-30.19647,114.9886,29.5
Jurien,Big Wave Reef,2006,Ecklonia radiata,-30.5145,115.01366,38.1
Jurien,Big Wave Reef,2013,Ecklonia radiata,-30.5145,115.01366,7.1
Jurien,Big Wave Reef,2016,Ecklonia radiata,-30.5145,115.01366,14.8
Jurien,Cavanagh Reef,2004,Ecklonia radiata,-30.6255,115.11337,0
Jurien,Cavanagh Reef,2006,Ecklonia radiata,-30.6255,115.11337,0.4
Jurien,Cavanagh Reef,2013,Ecklonia radiata,-30.6255,115.11337,0
Jurien,Cavanagh Reef,2016,Ecklonia radiata,-30.6255,115.11337,0
Jurien,Cavanagh Reef,2018,Ecklonia radiata,-30.6255,115.11337,0
Jurien,Cavenagh Reef 2,1999,Ecklonia radiata,-30.62077,115.10239,0
Jurien,Cavenagh Reef 2,2000,Ecklonia radiata,-30.62077,115.10239,0
Jurien,Cavenagh Reef 2,2003,Ecklonia radiata,-30.62077,115.10239,0
Jurien,Cavenagh Reef 2,2004,Ecklonia radiata,-30.62077,115.10239,0
Jurien,Cavenagh Reef 2,2006,Ecklonia radiata,-30.62077,115.10239,0
Jurien,Cavenagh Reef 2,2013,Ecklonia radiata,-30.62077,115.10239,0
Jurien,Cavenagh Reef 2,2016,Ecklonia radiata,-30.62077,115.10239,0.2
Jurien,Escape Island,1999,Ecklonia radiata,-30.32908,114.98772,69.4
Jurien,Escape Island,2000,Ecklonia radiata,-30.32908,114.98772,56.4
Jurien,Escape Island,2003,Ecklonia radiata,-30.32908,114.98772,46.2
Jurien,Escape Island,2004,Ecklonia radiata,-30.32908,114.98772,60.9
Jurien,Escape Island,2006,Ecklonia radiata,-30.32908,114.98772,42.3
Jurien,Escape Island,2012,Ecklonia radiata,-30.32908,114.98772,28.7
Jurien,Escape Island,2013,Ecklonia radiata,-30.32908,114.98772,51.5
Jurien,Escape Island,2016,Ecklonia radiata,-30.32908,114.98772,31.2
Jurien,Escape Island,2018,Ecklonia radiata,-30.32908,114.98772,45.5
Jurien,Escape Island,2021,Ecklonia radiata,-30.32908,114.98772,43.46666667
Jurien,Fishermans Island,1999,Ecklonia radiata,-30.12073,114.95365,1
Jurien,Fishermans Island,2000,Ecklonia radiata,-30.12073,114.95365,0.8
Jurien,Fishermans Island,2003,Ecklonia radiata,-30.12073,114.95365,2.4
Jurien,Fishermans Island,2004,Ecklonia radiata,-30.12073,114.95365,3.8
Jurien,Fishermans Island,2006,Ecklonia radiata,-30.12073,114.95365,3.6
Jurien,Fishermans Island,2009,Ecklonia radiata,-30.12073,114.95365,1.9
Jurien,Fishermans Island,2012,Ecklonia radiata,-30.12073,114.95365,0
Jurien,Fishermans Island,2013,Ecklonia radiata,-30.12073,114.95365,0.7
Jurien,Fishermans Island,2016,Ecklonia radiata,-30.12073,114.95365,4
Jurien,Fishermans Island,2018,Ecklonia radiata,-30.12073,114.95365,0.8
Jurien,Fishermans Island,2021,Ecklonia radiata,-30.12073,114.95365,10.53333333
Jurien,Fishermans Island 1,1999,Ecklonia radiata,-30.13403,114.94891,0.5
Jurien,Fishermans Island 1,2000,Ecklonia radiata,-30.13403,114.94891,0
Jurien,Fishermans Island 1,2003,Ecklonia radiata,-30.13403,114.94891,5.1
Jurien,Fishermans Island 1,2004,Ecklonia radiata,-30.13403,114.94891,3.4
Jurien,Fishermans Island 1,2006,Ecklonia radiata,-30.13403,114.94891,8.8
Jurien,Fishermans Island 1,2009,Ecklonia radiata,-30.13403,114.94891,5
Jurien,Fishermans Island 1,2012,Ecklonia radiata,-30.13403,114.94891,1.3
Jurien,Fishermans Island 1,2013,Ecklonia radiata,-30.13403,114.94891,0
Jurien,Fishermans Island 1,2016,Ecklonia radiata,-30.13403,114.94891,0.6
Jurien,Fishermans Island 1,2018,Ecklonia radiata,-30.13403,114.94891,19.2
Jurien,Fishermans Island 1,2021,Ecklonia radiata,-30.13403,114.94891,7.7
Jurien,Fishermans Island 2,1999,Ecklonia radiata,-30.13403,114.94891,2
Jurien,Fishermans Island 2,2000,Ecklonia radiata,-30.13403,114.94891,2.2
Jurien,Fishermans Island 2,2003,Ecklonia radiata,-30.13403,114.94891,0
Jurien,Fishermans Island 2,2004,Ecklonia radiata,-30.13403,114.94891,3.8
Jurien,Fishermans Island 2,2006,Ecklonia radiata,-30.13403,114.94891,0.8
Jurien,Fishermans Island 2,2009,Ecklonia radiata,-30.13403,114.94891,9.4
Jurien,Fishermans Island 2,2012,Ecklonia radiata,-30.13403,114.94891,2.6
Jurien,Fishermans Island 2,2013,Ecklonia radiata,-30.13403,114.94891,2.5
Jurien,Fishermans Island 2,2016,Ecklonia radiata,-30.13403,114.94891,0
Jurien,Fishermans Island 2,2018,Ecklonia radiata,-30.13403,114.94891,3.1
Jurien,Flat Rock,1999,Ecklonia radiata,-30.75572,115.16497,35.4
Jurien,Flat Rock,2000,Ecklonia radiata,-30.75572,115.16497,28.5
Jurien,Flat Rock,2003,Ecklonia radiata,-30.75572,115.16497,27.2
Jurien,Flat Rock,2004,Ecklonia radiata,-30.75572,115.16497,42.4
Jurien,Flat Rock,2006,Ecklonia radiata,-30.75572,115.16497,0.4
Jurien,Flat Rock,2009,Ecklonia radiata,-30.75572,115.16497,36.3
Jurien,Flat Rock,2013,Ecklonia radiata,-30.75572,115.16497,26
Jurien,Flat Rock,2016,Ecklonia radiata,-30.75572,115.16497,57.7
Jurien,Flat Rock Reef,1999,Ecklonia radiata,-30.75415,115.16956,0
Jurien,Flat Rock Reef,2000,Ecklonia radiata,-30.75415,115.16956,0
Jurien,Flat Rock Reef,2003,Ecklonia radiata,-30.75415,115.16956,0
Jurien,Flat Rock Reef,2004,Ecklonia radiata,-30.75415,115.16956,0
Jurien,Flat Rock Reef,2006,Ecklonia radiata,-30.75415,115.16956,0
Jurien,Flat Rock Reef,2009,Ecklonia radiata,-30.75415,115.16956,0
Jurien,Flat Rock Reef,2013,Ecklonia radiata,-30.75415,115.16956,0
Jurien,Flat Rock Reef,2016,Ecklonia radiata,-30.75415,115.16956,0
Jurien,Flat Rock Reef,2018,Ecklonia radiata,-30.75415,115.16956,0
Jurien,Gazely Reef,1999,Ecklonia radiata,-30.70928,115.11806,42.6
Jurien,Gazely Reef,2000,Ecklonia radiata,-30.70928,115.11806,20.6
Jurien,Gazely Reef,2003,Ecklonia radiata,-30.70928,115.11806,40.6
Jurien,Gazely Reef,2004,Ecklonia radiata,-30.70928,115.11806,31.6
Jurien,Gazely Reef,2006,Ecklonia radiata,-30.70928,115.11806,24.1
Jurien,Gazely Reef,2009,Ecklonia radiata,-30.70928,115.11806,8.8
Jurien,Gazely Reef,2013,Ecklonia radiata,-30.70928,115.11806,34.5
Jurien,Gazely Reef,2016,Ecklonia radiata,-30.70928,115.11806,38.2
Jurien,Gazely Reef,2018,Ecklonia radiata,-30.70928,115.11806,57.4
Jurien,Inner Sams Reef,2021,Ecklonia radiata,-30.479,115.048,10.8
Jurien,Inner Seaward Ledge,1999,Ecklonia radiata,-30.29007,114.97248,61.9
Jurien,Inner Seaward Ledge,2000,Ecklonia radiata,-30.29007,114.97248,39.4
Jurien,Inner Seaward Ledge,2003,Ecklonia radiata,-30.29007,114.97248,57.3
Jurien,Inner Seaward Ledge,2004,Ecklonia radiata,-30.29007,114.97248,72.5
Jurien,Inner Seaward Ledge,2006,Ecklonia radiata,-30.29007,114.97248,65.9
Jurien,Inner Seaward Ledge,2009,Ecklonia radiata,-30.29007,114.97248,78.6
Jurien,Inner Seaward Ledge,2012,Ecklonia radiata,-30.29007,114.97248,8.2
Jurien,Inner Seaward Ledge,2013,Ecklonia radiata,-30.29007,114.97248,12.5
Jurien,Inner Seaward Ledge,2016,Ecklonia radiata,-30.29007,114.97248,39.4
Jurien,Inner Seaward Ledge,2018,Ecklonia radiata,-30.29007,114.97248,63.6
Jurien,Inner Seven Foot Reef,1999,Ecklonia radiata,-30.58995,115.06482,26.4
Jurien,Inner Seven Foot Reef,2000,Ecklonia radiata,-30.58995,115.06482,21.4
Jurien,Inner Seven Foot Reef,2003,Ecklonia radiata,-30.58995,115.06482,19.8
Jurien,Inner Seven Foot Reef,2004,Ecklonia radiata,-30.58995,115.06482,15.3
Jurien,Inner Seven Foot Reef,2006,Ecklonia radiata,-30.58995,115.06482,29
Jurien,Inner Seven Foot Reef,2013,Ecklonia radiata,-30.58995,115.06482,24.5
Jurien,Inner Seven Foot Reef,2016,Ecklonia radiata,-30.58995,115.06482,59.7
Jurien,Inner Seven Foot Reef,2018,Ecklonia radiata,-30.58995,115.06482,53.5
Jurien,Inshore Boullanger Island,2004,Ecklonia radiata,-30.3461,115.03757,69.9
Jurien,Inshore Boullanger Island,2006,Ecklonia radiata,-30.3461,115.03757,0
Jurien,Inshore Boullanger Island,2013,Ecklonia radiata,-30.3461,115.03757,12.6
Jurien,Inshore Boullanger Island,2016,Ecklonia radiata,-30.3461,115.03757,28.1
Jurien,Inshore Boullanger Island,2018,Ecklonia radiata,-30.3461,115.03757,31.6
Jurien,Inshore Boullanger Island,2021,Ecklonia radiata,-30.3461,115.03757,23.6
Jurien,Inshore Grey,2004,Ecklonia radiata,-30.67167,115.13564,0
Jurien,Inshore Grey,2006,Ecklonia radiata,-30.67167,115.13564,0
Jurien,Inshore Grey,2013,Ecklonia radiata,-30.67167,115.13564,0
Jurien,Inshore Grey,2016,Ecklonia radiata,-30.67167,115.13564,0
Jurien,Inshore Grey,2018,Ecklonia radiata,-30.67167,115.13564,0
Jurien,Inshore Grey North,2004,Ecklonia radiata,-30.6462,115.1239,0
Jurien,Inshore Grey North,2006,Ecklonia radiata,-30.6462,115.1239,0
Jurien,Inshore Grey North,2013,Ecklonia radiata,-30.6462,115.1239,0
Jurien,Inshore Grey North,2016,Ecklonia radiata,-30.6462,115.1239,0
Jurien,Inshore Grey North,2018,Ecklonia radiata,-30.6462,115.1239,0
Jurien,Juddy Reef,1999,Ecklonia radiata,-30.17125,114.9555,48.6
Jurien,Juddy Reef,2000,Ecklonia radiata,-30.17125,114.9555,32.7
Jurien,Juddy Reef,2003,Ecklonia radiata,-30.17125,114.9555,55.5
Jurien,Juddy Reef,2004,Ecklonia radiata,-30.17125,114.9555,63.4
Jurien,Juddy Reef,2006,Ecklonia radiata,-30.17125,114.9555,42.4
Jurien,Juddy Reef,2012,Ecklonia radiata,-30.17125,114.9555,26.1
Jurien,Juddy Reef,2013,Ecklonia radiata,-30.17125,114.9555,32.2
Jurien,Juddy Reef,2016,Ecklonia radiata,-30.17125,114.9555,31.7
Jurien,Juddy Reef,2018,Ecklonia radiata,-30.17125,114.9555,38.3
Jurien,Kearn Reef,1999,Ecklonia radiata,-30.72203,115.1507,2.3
Jurien,Kearn Reef,2000,Ecklonia radiata,-30.72203,115.1507,1.9
Jurien,Kearn Reef,2003,Ecklonia radiata,-30.72203,115.1507,15.4
Jurien,Kearn Reef,2004,Ecklonia radiata,-30.72203,115.1507,3.8
Jurien,Kearn Reef,2006,Ecklonia radiata,-30.72203,115.1507,4.5
Jurien,Kearn Reef,2013,Ecklonia radiata,-30.72203,115.1507,6.9
Jurien,Kearn Reef,2016,Ecklonia radiata,-30.72203,115.1507,2.2
Jurien,Kearn Reef,2018,Ecklonia radiata,-30.72203,115.1507,3.3
Jurien,Longman Reef (off Grey),1999,Ecklonia radiata,-30.66885,115.12193,0.4
Jurien,Longman Reef (off Grey),2000,Ecklonia radiata,-30.66885,115.12193,0
Jurien,Longman Reef (off Grey),2003,Ecklonia radiata,-30.66885,115.12193,0.1
Jurien,Longman Reef (off Grey),2004,Ecklonia radiata,-30.66885,115.12193,6.4
Jurien,Longman Reef (off Grey),2006,Ecklonia radiata,-30.66885,115.12193,0
Jurien,Longman Reef (off Grey),2013,Ecklonia radiata,-30.66885,115.12193,8.2
Jurien,Longman Reef (off Grey),2016,Ecklonia radiata,-30.66885,115.12193,7.6
Jurien,Longman Reef (off Grey),2018,Ecklonia radiata,-30.66885,115.12193,8.5
Jurien,Main Reef,2006,Ecklonia radiata,-30.16917,114.94217,8.3
Jurien,Main Reef,2013,Ecklonia radiata,-30.16917,114.94217,0
Jurien,Main Reef,2016,Ecklonia radiata,-30.16917,114.94217,0
Jurien,Main Reef,2018,Ecklonia radiata,-30.16917,114.94217,1.3
Jurien,Middle Lumps,1999,Ecklonia radiata,-30.15678,114.96685,49.1
Jurien,Middle Lumps,2000,Ecklonia radiata,-30.15678,114.96685,41.2
Jurien,Middle Lumps,2003,Ecklonia radiata,-30.15678,114.96685,26.6
Jurien,Middle Lumps,2004,Ecklonia radiata,-30.15678,114.96685,47.1
Jurien,Middle Lumps,2006,Ecklonia radiata,-30.15678,114.96685,58.8
Jurien,Middle Lumps,2012,Ecklonia radiata,-30.15678,114.96685,36.6
Jurien,Middle Lumps,2013,Ecklonia radiata,-30.15678,114.96685,39.2
Jurien,Middle Lumps,2016,Ecklonia radiata,-30.15678,114.96685,55.5
Jurien,Middle Lumps,2018,Ecklonia radiata,-30.15678,114.96685,81.2
Jurien,Middle Lumps,2021,Ecklonia radiata,-30.15678,114.96685,38.4
Jurien,Midshore Boullanger Island,2004,Ecklonia radiata,-30.34667,115.004,0
Jurien,Midshore Boullanger Island,2006,Ecklonia radiata,-30.34667,115.004,0
Jurien,Midshore Boullanger Island,2012,Ecklonia radiata,-30.34667,115.004,0
Jurien,Midshore Boullanger Island,2013,Ecklonia radiata,-30.34667,115.004,0
Jurien,Midshore Boullanger Island,2016,Ecklonia radiata,-30.34667,115.004,0
Jurien,Midshore Boullanger Island,2018,Ecklonia radiata,-30.34667,115.004,0
Jurien,Midshore Boullanger Island,2021,Ecklonia radiata,-30.34667,115.004,0
Jurien,Near Sandland Island,2003,Ecklonia radiata,-30.21523,114.9921,0
Jurien,No Name Reef,1999,Ecklonia radiata,-30.43518,115.0355,0.1
Jurien,No Name Reef,2000,Ecklonia radiata,-30.43518,115.0355,0
Jurien,No Name Reef,2003,Ecklonia radiata,-30.43518,115.0355,0
Jurien,No Name Reef,2004,Ecklonia radiata,-30.43518,115.0355,0
Jurien,No Name Reef,2006,Ecklonia radiata,-30.43518,115.0355,0.4
Jurien,No Name Reef,2009,Ecklonia radiata,-30.43518,115.0355,0
Jurien,No Name Reef,2013,Ecklonia radiata,-30.43518,115.0355,0
Jurien,No Name Reef,2016,Ecklonia radiata,-30.43518,115.0355,0
Jurien,No Name Reef,2018,Ecklonia radiata,-30.43518,115.0355,0
Jurien,No Name Reef,2021,Ecklonia radiata,-30.43518,115.0355,0
Jurien,North Head 1,1999,Ecklonia radiata,-30.23187,114.99873,1.7
Jurien,North Head 1,2000,Ecklonia radiata,-30.23187,114.99873,0
Jurien,North Head 1,2003,Ecklonia radiata,-30.23187,114.99873,2.1
Jurien,North Head 1,2004,Ecklonia radiata,-30.23187,114.99873,3.5
Jurien,North Head 1,2006,Ecklonia radiata,-30.23187,114.99873,0
Jurien,North Head 1,2012,Ecklonia radiata,-30.23187,114.99873,0
Jurien,North Head 1,2013,Ecklonia radiata,-30.23187,114.99873,0
Jurien,North Head 1,2016,Ecklonia radiata,-30.23187,114.99873,0.3
Jurien,North Head 1,2018,Ecklonia radiata,-30.23187,114.99873,0.8
Jurien,North Head Island,1999,Ecklonia radiata,-30.22683,114.99352,42.4
Jurien,North Head Island,2000,Ecklonia radiata,-30.22683,114.99352,28.5
Jurien,North Head Island,2003,Ecklonia radiata,-30.22683,114.99352,21.9
Jurien,North Head Island,2004,Ecklonia radiata,-30.22683,114.99352,52.5
Jurien,North Head Island,2006,Ecklonia radiata,-30.22683,114.99352,43.7
Jurien,North Head Island,2013,Ecklonia radiata,-30.22683,114.99352,3.7
Jurien,North Head Island,2016,Ecklonia radiata,-30.22683,114.99352,32.6
Jurien,North Head Island,2018,Ecklonia radiata,-30.22683,114.99352,39.8
Jurien,North Lumps,1999,Ecklonia radiata,-30.15687,114.9955,0
Jurien,North Lumps,2000,Ecklonia radiata,-30.15687,114.9955,0
Jurien,North Lumps,2003,Ecklonia radiata,-30.15687,114.9955,0
Jurien,North Lumps,2004,Ecklonia radiata,-30.15687,114.9955,0.2
Jurien,North Lumps,2006,Ecklonia radiata,-30.15687,114.9955,0.4
Jurien,North Lumps,2012,Ecklonia radiata,-30.15687,114.9955,0.3
Jurien,North Lumps,2013,Ecklonia radiata,-30.15687,114.9955,0
Jurien,North Lumps,2016,Ecklonia radiata,-30.15687,114.9955,0
Jurien,North Lumps,2021,Ecklonia radiata,-30.15687,114.9955,0
Jurien,North Tail,1999,Ecklonia radiata,-30.2645,114.975,52.3
Jurien,North Tail,2000,Ecklonia radiata,-30.2645,114.975,51.2
Jurien,North Tail,2003,Ecklonia radiata,-30.2645,114.975,41.5
Jurien,North Tail,2004,Ecklonia radiata,-30.2645,114.975,55.5
Jurien,North Tail,2006,Ecklonia radiata,-30.2645,114.975,42.1
Jurien,North Tail,2013,Ecklonia radiata,-30.2645,114.975,17.9
Jurien,North Tail,2016,Ecklonia radiata,-30.2645,114.975,23.9
Jurien,North Tail,2018,Ecklonia radiata,-30.2645,114.975,52.9
Jurien,North Wedge,2004,Ecklonia radiata,-30.79918,115.18695,56.1
Jurien,North Wedge,2006,Ecklonia radiata,-30.79918,115.18695,34.7
Jurien,North Wedge,2009,Ecklonia radiata,-30.79918,115.18695,27.8
Jurien,North Wedge,2013,Ecklonia radiata,-30.79918,115.18695,23.3
Jurien,North Wedge,2016,Ecklonia radiata,-30.79918,115.18695,32.8
Jurien,North Wedge,2018,Ecklonia radiata,-30.79918,115.18695,24.4
Jurien,Offshore Hill River,2004,Ecklonia radiata,-30.41333,114.98167,56.3
Jurien,Offshore Hill River,2006,Ecklonia radiata,-30.41333,114.98167,39.7
Jurien,Offshore Hill River,2012,Ecklonia radiata,-30.41333,114.98167,28.3
Jurien,Offshore Hill River,2013,Ecklonia radiata,-30.41333,114.98167,30.4
Jurien,Offshore Hill River,2016,Ecklonia radiata,-30.41333,114.98167,33.1
Jurien,Offshore Hill River,2018,Ecklonia radiata,-30.41333,114.98167,33.4
Jurien,Offshore Outer Gazaly Reef,2006,Ecklonia radiata,-30.71202,115.11322,12.2
Jurien,Offshore Outer Gazaly Reef,2009,Ecklonia radiata,-30.71202,115.11322,7.6
Jurien,Offshore Outer Gazaly Reef,2013,Ecklonia radiata,-30.71202,115.11322,7.8
Jurien,Offshore Outer Gazaly Reef,2016,Ecklonia radiata,-30.71202,115.11322,7.3
Jurien,Offshore Outer Gazaly Reef,2018,Ecklonia radiata,-30.71202,115.11322,8.1
Jurien,Offshore Outer Rocks,2006,Ecklonia radiata,-30.44763,114.99133,8.8
Jurien,Offshore Outer Rocks,2013,Ecklonia radiata,-30.44763,114.99133,0
Jurien,Offshore Outer Rocks,2016,Ecklonia radiata,-30.44763,114.99133,0
Jurien,Offshore Target Rocks,2006,Ecklonia radiata,-30.76675,115.14197,38.6
Jurien,Offshore Target Rocks,2009,Ecklonia radiata,-30.76675,115.14197,34.8
Jurien,Offshore Target Rocks,2013,Ecklonia radiata,-30.76675,115.14197,27.9
Jurien,Offshore Target Rocks,2016,Ecklonia radiata,-30.76675,115.14197,13
Jurien,Outer Green Islands,2004,Ecklonia radiata,-30.68143,115.09548,36.7
Jurien,Outer Green Islands,2006,Ecklonia radiata,-30.68143,115.09548,27.9
Jurien,Outer Green Islands,2009,Ecklonia radiata,-30.68143,115.09548,28.6
Jurien,Outer Green Islands,2012,Ecklonia radiata,-30.68143,115.09548,15
Jurien,Outer Green Islands,2013,Ecklonia radiata,-30.68143,115.09548,13.4
Jurien,Outer Green Islands,2016,Ecklonia radiata,-30.68143,115.09548,26.5
Jurien,Outer Green Islands,2018,Ecklonia radiata,-30.68143,115.09548,15.3
Jurien,Outer Rocks (North) 2,1999,Ecklonia radiata,-30.43377,114.99973,31
Jurien,Outer Rocks (North) 2,2000,Ecklonia radiata,-30.43377,114.99973,30
Jurien,Outer Rocks (North) 2,2003,Ecklonia radiata,-30.43377,114.99973,41.8
Jurien,Outer Rocks (North) 2,2004,Ecklonia radiata,-30.43377,114.99973,53.5
Jurien,Outer Rocks (North) 2,2006,Ecklonia radiata,-30.43377,114.99973,51.9
Jurien,Outer Rocks (North) 2,2009,Ecklonia radiata,-30.43377,114.99973,47.4
Jurien,Outer Rocks (North) 2,2012,Ecklonia radiata,-30.43377,114.99973,16.6
Jurien,Outer Rocks (North) 2,2013,Ecklonia radiata,-30.43377,114.99973,39.8
Jurien,Outer Rocks (North) 2,2016,Ecklonia radiata,-30.43377,114.99973,32.8
Jurien,Outer Rocks (North) 2,2018,Ecklonia radiata,-30.43377,114.99973,85.6
Jurien,"Outer Rocks, Inner Coffins",1999,Ecklonia radiata,-30.42142,115.00193,45.1
Jurien,"Outer Rocks, Inner Coffins",2000,Ecklonia radiata,-30.42142,115.00193,30.9
Jurien,"Outer Rocks, Inner Coffins",2003,Ecklonia radiata,-30.42142,115.00193,45.3
Jurien,"Outer Rocks, Inner Coffins",2004,Ecklonia radiata,-30.42142,115.00193,61.9
Jurien,"Outer Rocks, Inner Coffins",2006,Ecklonia radiata,-30.42142,115.00193,45.8
Jurien,"Outer Rocks, Inner Coffins",2013,Ecklonia radiata,-30.42142,115.00193,30.6
Jurien,"Outer Rocks, Inner Coffins",2016,Ecklonia radiata,-30.42142,115.00193,59.2
Jurien,"Outer Rocks, Inner Coffins",2018,Ecklonia radiata,-30.42142,115.00193,72.8
Jurien,"Outer Rocks, Inner Coffins",2021,Ecklonia radiata,-30.42142,115.00193,22.13333333
Jurien,Outer Seaward Ledge,2004,Ecklonia radiata,-30.29043,114.96651,38.4
Jurien,Outer Seaward Ledge,2006,Ecklonia radiata,-30.29043,114.96651,38.9
Jurien,Outer Seaward Ledge,2012,Ecklonia radiata,-30.29043,114.96651,13
Jurien,Outer Seaward Ledge,2013,Ecklonia radiata,-30.29043,114.96651,11.9
Jurien,Outer Seaward Ledge,2016,Ecklonia radiata,-30.29043,114.96651,16
Jurien,Outer Seaward Ledge,2018,Ecklonia radiata,-30.29043,114.96651,40.4
Jurien,Outer Seaward Ledge,2021,Ecklonia radiata,-30.29043,114.96651,26.4
Jurien,Outer Seven Foot Rocks,2004,Ecklonia radiata,-30.58913,115.04887,9.3
Jurien,Outer Seven Foot Rocks,2006,Ecklonia radiata,-30.58913,115.04887,8.2
Jurien,Outer Seven Foot Rocks,2013,Ecklonia radiata,-30.58913,115.04887,0
Jurien,Outer Seven Foot Rocks,2016,Ecklonia radiata,-30.58913,115.04887,2.1
Jurien,Outer Seven Foot Rocks,2018,Ecklonia radiata,-30.58913,115.04887,7.9
Jurien,Sams Reef,1999,Ecklonia radiata,-30.48513,115.02998,23
Jurien,Sams Reef,2000,Ecklonia radiata,-30.48513,115.02998,14
Jurien,Sams Reef,2003,Ecklonia radiata,-30.48513,115.02998,31.5
Jurien,Sams Reef,2004,Ecklonia radiata,-30.48513,115.02998,23.2
Jurien,Sams Reef,2006,Ecklonia radiata,-30.48513,115.02998,37.5
Jurien,Sams Reef,2009,Ecklonia radiata,-30.48513,115.02998,35.3
Jurien,Sams Reef,2013,Ecklonia radiata,-30.48513,115.02998,43.9
Jurien,Sams Reef,2016,Ecklonia radiata,-30.48513,115.02998,36.9
Jurien,Sams Reef,2018,Ecklonia radiata,-30.48513,115.02998,24.7
Jurien,Sandland Island,1999,Ecklonia radiata,-30.21523,114.99207,2
Jurien,Sandland Island,2000,Ecklonia radiata,-30.21523,114.99207,0.9
Jurien,Sandland Island,2003,Ecklonia radiata,-30.21523,114.99207,0.1
Jurien,Sandland Island,2004,Ecklonia radiata,-30.21523,114.99207,5.3
Jurien,Sandland Island,2006,Ecklonia radiata,-30.21523,114.99207,2
Jurien,Sandland Island,2012,Ecklonia radiata,-30.21523,114.99207,0.8
Jurien,Sandland Island,2013,Ecklonia radiata,-30.21523,114.99207,0
Jurien,Sandland Island,2016,Ecklonia radiata,-30.21523,114.99207,6
Jurien,Sandland Island,2018,Ecklonia radiata,-30.21523,114.99207,13.2
Jurien,Sandy Cape,1999,Ecklonia radiata,-30.18137,114.99295,6.2
Jurien,Sandy Cape,2000,Ecklonia radiata,-30.18137,114.99295,7.1
Jurien,Sandy Cape,2003,Ecklonia radiata,-30.18137,114.99295,3.3
Jurien,Sandy Cape,2004,Ecklonia radiata,-30.18137,114.99295,8.1
Jurien,Sandy Cape,2006,Ecklonia radiata,-30.18137,114.99295,12.3
Jurien,Sandy Cape,2012,Ecklonia radiata,-30.18137,114.99295,11.8
Jurien,Sandy Cape,2013,Ecklonia radiata,-30.18137,114.99295,2
Jurien,Sandy Cape,2016,Ecklonia radiata,-30.18137,114.99295,0.4
Jurien,Sandy Cape,2018,Ecklonia radiata,-30.18137,114.99295,11.7
Jurien,South East Green Island,2004,Ecklonia radiata,-30.67822,115.106,0
Jurien,South East Green Island,2006,Ecklonia radiata,-30.67822,115.106,0.9
Jurien,South East Green Island,2009,Ecklonia radiata,-30.67822,115.106,0.2
Jurien,South East Green Island,2013,Ecklonia radiata,-30.67822,115.106,1.8
Jurien,South East Green Island,2016,Ecklonia radiata,-30.67822,115.106,1.8
Jurien,South East Green Island,2018,Ecklonia radiata,-30.67822,115.106,0.8
Jurien,Wedge Island,2004,Ecklonia radiata,-30.83113,115.19105,5.3
Jurien,Wedge Island,2006,Ecklonia radiata,-30.83113,115.19105,5.9
Jurien,Wedge Island,2009,Ecklonia radiata,-30.83113,115.19105,6.1
Jurien,Wedge Island,2013,Ecklonia radiata,-30.83113,115.19105,0.1
Jurien,Wedge Island,2016,Ecklonia radiata,-30.83113,115.19105,3.6
Maria Island,Darlington North,1992,Ecklonia radiata,-42.57658,148.06207,16.9
Maria Island,Darlington North,1993,Ecklonia radiata,-42.57658,148.06207,20.7
Maria Island,Darlington North,1996,Ecklonia radiata,-42.57658,148.06207,36
Maria Island,Darlington North,1997,Ecklonia radiata,-42.57658,148.06207,43.4
Maria Island,Darlington North,1998,Ecklonia radiata,-42.57658,148.06207,40.7
Maria Island,Darlington North,1999,Ecklonia radiata,-42.57658,148.06207,34.6
Maria Island,Darlington North,2000,Ecklonia radiata,-42.57658,148.06207,62.3
Maria Island,Darlington North,2001,Ecklonia radiata,-42.57658,148.06207,32.7
Maria Island,Darlington North,2004,Ecklonia radiata,-42.57658,148.06207,35.2
Maria Island,Darlington North,2006,Ecklonia radiata,-42.57658,148.06207,31.9
Maria Island,Darlington North,2007,Ecklonia radiata,-42.57658,148.06207,25.8
Maria Island,Darlington North,2008,Ecklonia radiata,-42.57658,148.06207,34.3
Maria Island,Darlington North,2009,Ecklonia radiata,-42.57658,148.06207,36
Maria Island,Darlington North,2010,Ecklonia radiata,-42.57658,148.06207,29.9
Maria Island,Darlington North,2011,Ecklonia radiata,-42.57658,148.06207,42.3
Maria Island,Darlington North,2012,Ecklonia radiata,-42.57658,148.06207,24.2
Maria Island,Darlington North,2014,Ecklonia radiata,-42.57658,148.06207,35.3
Maria Island,Darlington North,2015,Ecklonia radiata,-42.57658,148.06207,26.9
Maria Island,Darlington North,2016,Ecklonia radiata,-42.57658,148.06207,49.5
Maria Island,Darlington North,2017,Ecklonia radiata,-42.57658,148.06207,28.8
Maria Island,Darlington North,2018,Ecklonia radiata,-42.57658,148.06207,35.9
Maria Island,Darlington North,2019,Ecklonia radiata,-42.57658,148.06207,24.9
Maria Island,Darlington North,2021,Ecklonia radiata,-42.57658,148.06207,32.8
Maria Island,Darlington North,2022,Ecklonia radiata,-42.57658,148.06207,41.3
Maria Island,Darlington North,2023,Ecklonia radiata,-42.57658,148.06207,52
Maria Island,Fossil Cliffs,1992,Ecklonia radiata,-42.57373,148.08046,47.25
Maria Island,Fossil Cliffs,1993,Ecklonia radiata,-42.57373,148.08046,52.1
Maria Island,Fossil Cliffs,1997,Ecklonia radiata,-42.57373,148.08046,36.3
Maria Island,Fossil Cliffs,2006,Ecklonia radiata,-42.57373,148.08046,34.4
Maria Island,Fossil Cliffs,2018,Ecklonia radiata,-42.57373,148.08046,50.5
Maria Island,Fossil Cliffs (East),2006,Ecklonia radiata,-42.58321,148.10759,46.3
Maria Island,Fossil Cliffs (East),2018,Ecklonia radiata,-42.58321,148.10759,52.35
Maria Island,Green Bluff,1992,Ecklonia radiata,-42.72014,148.01146,59.9
Maria Island,Green Bluff,1993,Ecklonia radiata,-42.72014,148.01146,67.3
Maria Island,Green Bluff,1995,Ecklonia radiata,-42.72014,148.01146,62.8
Maria Island,Green Bluff,1996,Ecklonia radiata,-42.72014,148.01146,74.3
Maria Island,Green Bluff,1997,Ecklonia radiata,-42.72014,148.01146,57
Maria Island,Green Bluff,1998,Ecklonia radiata,-42.72014,148.01146,39.3
Maria Island,Green Bluff,1999,Ecklonia radiata,-42.72014,148.01146,44.6
Maria Island,Green Bluff,2000,Ecklonia radiata,-42.72014,148.01146,59.2
Maria Island,Green Bluff,2001,Ecklonia radiata,-42.72014,148.01146,42.1
Maria Island,Green Bluff,2004,Ecklonia radiata,-42.72014,148.01146,38.2
Maria Island,Green Bluff,2006,Ecklonia radiata,-42.72014,148.01146,44.8
Maria Island,Green Bluff,2007,Ecklonia radiata,-42.72014,148.01146,49.4
Maria Island,Green Bluff,2008,Ecklonia radiata,-42.72014,148.01146,42.5
Maria Island,Green Bluff,2009,Ecklonia radiata,-42.72014,148.01146,37.3
Maria Island,Green Bluff,2010,Ecklonia radiata,-42.72014,148.01146,38.3
Maria Island,Green Bluff,2011,Ecklonia radiata,-42.72014,148.01146,50.2
Maria Island,Green Bluff,2012,Ecklonia radiata,-42.72014,148.01146,41.8
Maria Island,Green Bluff,2013,Ecklonia radiata,-42.72014,148.01146,71.1
Maria Island,Green Bluff,2015,Ecklonia radiata,-42.72014,148.01146,35.1
Maria Island,Green Bluff,2016,Ecklonia radiata,-42.72014,148.01146,40.1
Maria Island,Green Bluff,2017,Ecklonia radiata,-42.72014,148.01146,16.9
Maria Island,Green Bluff,2018,Ecklonia radiata,-42.72014,148.01146,29.6
Maria Island,Green Bluff,2019,Ecklonia radiata,-42.72014,148.01146,73.6
Maria Island,Green Bluff,2020,Ecklonia radiata,-42.72014,148.01146,56.3
Maria Island,Green Bluff,2021,Ecklonia radiata,-42.72014,148.01146,30.1
Maria Island,Green Bluff,2022,Ecklonia radiata,-42.72014,148.01146,26.5
Maria Island,Green Bluff,2023,Ecklonia radiata,-42.72014,148.01146,54.5
Maria Island,Ile du Nord,1992,Ecklonia radiata,-42.5623,148.06735,53.5
Maria Island,Ile du Nord,1993,Ecklonia radiata,-42.5623,148.06735,47.4
Maria Island,Ile du Nord,1995,Ecklonia radiata,-42.5623,148.06735,36.8
Maria Island,Ile du Nord,1996,Ecklonia radiata,-42.5623,148.06735,53.7
Maria Island,Ile du Nord,1997,Ecklonia radiata,-42.5623,148.06735,53.1
Maria Island,Ile du Nord,1998,Ecklonia radiata,-42.5623,148.06735,33.8
Maria Island,Ile du Nord,1999,Ecklonia radiata,-42.5623,148.06735,65.4
Maria Island,Ile du Nord,2000,Ecklonia radiata,-42.5623,148.06735,50
Maria Island,Ile du Nord,2001,Ecklonia radiata,-42.5623,148.06735,15
Maria Island,Ile du Nord,2002,Ecklonia radiata,-42.5623,148.06735,38.6
Maria Island,Ile du Nord,2004,Ecklonia radiata,-42.5623,148.06735,40.3
Maria Island,Ile du Nord,2006,Ecklonia radiata,-42.5623,148.06735,47.3
Maria Island,Ile du Nord,2007,Ecklonia radiata,-42.5623,148.06735,37.3
Maria Island,Ile du Nord,2008,Ecklonia radiata,-42.5623,148.06735,44.7
Maria Island,Ile du Nord,2009,Ecklonia radiata,-42.5623,148.06735,47.8
Maria Island,Ile du Nord,2010,Ecklonia radiata,-42.5623,148.06735,31.2
Maria Island,Ile du Nord,2011,Ecklonia radiata,-42.5623,148.06735,43.3
Maria Island,Ile du Nord,2012,Ecklonia radiata,-42.5623,148.06735,69.2
Maria Island,Ile du Nord,2013,Ecklonia radiata,-42.5623,148.06735,53.2
Maria Island,Ile du Nord,2015,Ecklonia radiata,-42.5623,148.06735,46.4
Maria Island,Ile du Nord,2016,Ecklonia radiata,-42.5623,148.06735,27.8
Maria Island,Ile du Nord,2017,Ecklonia radiata,-42.5623,148.06735,37.4
Maria Island,Ile du Nord,2018,Ecklonia radiata,-42.5623,148.06735,20.1
Maria Island,Ile du Nord,2019,Ecklonia radiata,-42.5623,148.06735,31.1
Maria Island,Ile du Nord,2021,Ecklonia radiata,-42.5623,148.06735,46.7
Maria Island,Ile du Nord,2022,Ecklonia radiata,-42.5623,148.06735,32.7
Maria Island,Ile du Nord,2023,Ecklonia radiata,-42.5623,148.06735,31.9
Maria Island,Lachlan Island,1992,Ecklonia radiata,-42.64348,147.98036,6.3
Maria Island,Lachlan Island,1993,Ecklonia radiata,-42.64348,147.98036,3.6
Maria Island,Lachlan Island,2006,Ecklonia radiata,-42.64348,147.98036,11.6
Maria Island,Magistrates Point North,1992,Ecklonia radiata,-42.58268,148.0546,29.8
Maria Island,Magistrates Point North,1995,Ecklonia radiata,-42.58268,148.0546,39.2
Maria Island,Magistrates Point North,1996,Ecklonia radiata,-42.58268,148.0546,39.4
Maria Island,Magistrates Point North,1997,Ecklonia radiata,-42.58268,148.0546,41.8
Maria Island,Magistrates Point North,1998,Ecklonia radiata,-42.58268,148.0546,30.9
Maria Island,Magistrates Point North,1999,Ecklonia radiata,-42.58268,148.0546,30.4
Maria Island,Magistrates Point North,2000,Ecklonia radiata,-42.58268,148.0546,37.1
Maria Island,Magistrates Point North,2001,Ecklonia radiata,-42.58268,148.0546,45.9
Maria Island,Magistrates Point North,2002,Ecklonia radiata,-42.58268,148.0546,38
Maria Island,Magistrates Point North,2004,Ecklonia radiata,-42.58268,148.0546,24.7
Maria Island,Magistrates Point North,2006,Ecklonia radiata,-42.58268,148.0546,42.4
Maria Island,Magistrates Point North,2008,Ecklonia radiata,-42.58268,148.0546,32.1
Maria Island,Magistrates Point North,2009,Ecklonia radiata,-42.58268,148.0546,45.1
Maria Island,Magistrates Point North,2010,Ecklonia radiata,-42.58268,148.0546,52.1
Maria Island,Magistrates Point North,2012,Ecklonia radiata,-42.58268,148.0546,34.4
Maria Island,Magistrates Point North,2013,Ecklonia radiata,-42.58268,148.0546,39.7
Maria Island,Magistrates Point North,2014,Ecklonia radiata,-42.58268,148.0546,37.3
Maria Island,Magistrates Point North,2015,Ecklonia radiata,-42.58268,148.0546,25.3
Maria Island,Magistrates Point North,2016,Ecklonia radiata,-42.58268,148.0546,38
Maria Island,Magistrates Point North,2017,Ecklonia radiata,-42.58268,148.0546,10.9
Maria Island,Magistrates Point North,2018,Ecklonia radiata,-42.58268,148.0546,27.8
Maria Island,Magistrates Point North,2019,Ecklonia radiata,-42.58268,148.0546,53
Maria Island,Magistrates Point North,2020,Ecklonia radiata,-42.58268,148.0546,42.1
Maria Island,Magistrates Point North,2021,Ecklonia radiata,-42.58268,148.0546,20.5
Maria Island,Magistrates Point North,2022,Ecklonia radiata,-42.58268,148.0546,50
Maria Island,Magistrates Point North,2023,Ecklonia radiata,-42.58268,148.0546,33.7
Maria Island,Magistrates Point South,1992,Ecklonia radiata,-42.58626,148.0519,24.6
Maria Island,Magistrates Point South,1993,Ecklonia radiata,-42.58626,148.0519,39.73333333
Maria Island,Magistrates Point South,1995,Ecklonia radiata,-42.58626,148.0519,32.4
Maria Island,Magistrates Point South,1996,Ecklonia radiata,-42.58626,148.0519,39.8
Maria Island,Magistrates Point South,1997,Ecklonia radiata,-42.58626,148.0519,41.7
Maria Island,Magistrates Point South,1998,Ecklonia radiata,-42.58626,148.0519,45.7
Maria Island,Magistrates Point South,1999,Ecklonia radiata,-42.58626,148.0519,43
Maria Island,Magistrates Point South,2000,Ecklonia radiata,-42.58626,148.0519,45.3
Maria Island,Magistrates Point South,2001,Ecklonia radiata,-42.58626,148.0519,23
Maria Island,Magistrates Point South,2004,Ecklonia radiata,-42.58626,148.0519,17.8
Maria Island,Magistrates Point South,2006,Ecklonia radiata,-42.58626,148.0519,30.9
Maria Island,Magistrates Point South,2008,Ecklonia radiata,-42.58626,148.0519,28.6
Maria Island,Magistrates Point South,2009,Ecklonia radiata,-42.58626,148.0519,26.3
Maria Island,Magistrates Point South,2010,Ecklonia radiata,-42.58626,148.0519,25.3
Maria Island,Magistrates Point South,2011,Ecklonia radiata,-42.58626,148.0519,48.8
Maria Island,Magistrates Point South,2012,Ecklonia radiata,-42.58626,148.0519,39.3
Maria Island,Magistrates Point South,2013,Ecklonia radiata,-42.58626,148.0519,48.9
Maria Island,Magistrates Point South,2014,Ecklonia radiata,-42.58626,148.0519,27.9
Maria Island,Magistrates Point South,2015,Ecklonia radiata,-42.58626,148.0519,33.3
Maria Island,Magistrates Point South,2016,Ecklonia radiata,-42.58626,148.0519,31.3
Maria Island,Magistrates Point South,2017,Ecklonia radiata,-42.58626,148.0519,30.5
Maria Island,Magistrates Point South,2018,Ecklonia radiata,-42.58626,148.0519,21.4
Maria Island,Magistrates Point South,2019,Ecklonia radiata,-42.58626,148.0519,35.3
Maria Island,Magistrates Point South,2021,Ecklonia radiata,-42.58626,148.0519,20.9
Maria Island,Magistrates Point South,2022,Ecklonia radiata,-42.58626,148.0519,36.7
Maria Island,Magistrates Point South,2023,Ecklonia radiata,-42.58626,148.0519,21.5
Maria Island,North East Siltstone,1992,Ecklonia radiata,-42.59048,148.12434,49.2
Maria Island,North East Siltstone,2006,Ecklonia radiata,-42.59048,148.12434,78.7
Maria Island,Okehampton Bay,1992,Ecklonia radiata,-42.52398,147.96925,18.8
Maria Island,Okehampton Bay,1993,Ecklonia radiata,-42.52398,147.96925,9.4
Maria Island,Okehampton Bay,1995,Ecklonia radiata,-42.52398,147.96925,11.6
Maria Island,Okehampton Bay,1996,Ecklonia radiata,-42.52398,147.96925,22.93333333
Maria Island,Okehampton Bay,1997,Ecklonia radiata,-42.52398,147.96925,17.5
Maria Island,Okehampton Bay,1998,Ecklonia radiata,-42.52398,147.96925,18.53333333
Maria Island,Okehampton Bay,1999,Ecklonia radiata,-42.52398,147.96925,6.666666667
Maria Island,Okehampton Bay,2000,Ecklonia radiata,-42.52398,147.96925,8.8
Maria Island,Okehampton Bay,2001,Ecklonia radiata,-42.52398,147.96925,4.8
Maria Island,Okehampton Bay,2004,Ecklonia radiata,-42.52398,147.96925,3.6
Maria Island,Okehampton Bay,2006,Ecklonia radiata,-42.52398,147.96925,21.4
Maria Island,Okehampton Bay,2007,Ecklonia radiata,-42.52398,147.96925,6.6
Maria Island,Okehampton Bay,2008,Ecklonia radiata,-42.52398,147.96925,11.33333333
Maria Island,Okehampton Bay,2009,Ecklonia radiata,-42.52398,147.96925,7.6
Maria Island,Okehampton Bay,2010,Ecklonia radiata,-42.52398,147.96925,9.6
Maria Island,Okehampton Bay,2011,Ecklonia radiata,-42.52398,147.96925,19.73333333
Maria Island,Okehampton Bay,2012,Ecklonia radiata,-42.52398,147.96925,5.2
Maria Island,Okehampton Bay,2013,Ecklonia radiata,-42.52398,147.96925,17.4
Maria Island,Okehampton Bay,2014,Ecklonia radiata,-42.52398,147.96925,10.66666667
Maria Island,Okehampton Bay,2015,Ecklonia radiata,-42.52398,147.96925,22.26666667
Maria Island,Okehampton Bay,2016,Ecklonia radiata,-42.52398,147.96925,28.4
Maria Island,Okehampton Bay,2017,Ecklonia radiata,-42.52398,147.96925,12.93333333
Maria Island,Okehampton Bay,2018,Ecklonia radiata,-42.52398,147.96925,20.8
Maria Island,Okehampton Bay,2019,Ecklonia radiata,-42.52398,147.96925,14.6
Maria Island,Okehampton Bay,2020,Ecklonia radiata,-42.52398,147.96925,17.86666667
Maria Island,Okehampton Bay,2021,Ecklonia radiata,-42.52398,147.96925,29.2
Maria Island,Okehampton Bay,2022,Ecklonia radiata,-42.52398,147.96925,9.6
Maria Island,Okehampton Bay,2023,Ecklonia radiata,-42.52398,147.96925,16.9
Maria Island,Painted Cliffs,1992,Ecklonia radiata,-42.59211,148.05035,9.4
Maria Island,Painted Cliffs,1993,Ecklonia radiata,-42.59211,148.05035,0.8
Maria Island,Painted Cliffs,1995,Ecklonia radiata,-42.59211,148.05035,11.2
Maria Island,Painted Cliffs,1996,Ecklonia radiata,-42.59211,148.05035,12
Maria Island,Painted Cliffs,1997,Ecklonia radiata,-42.59211,148.05035,6.266666667
Maria Island,Painted Cliffs,1998,Ecklonia radiata,-42.59211,148.05035,7.733333333
Maria Island,Painted Cliffs,1999,Ecklonia radiata,-42.59211,148.05035,17.2
Maria Island,Painted Cliffs,2000,Ecklonia radiata,-42.59211,148.05035,26.2
Maria Island,Painted Cliffs,2001,Ecklonia radiata,-42.59211,148.05035,3.8
Maria Island,Painted Cliffs,2004,Ecklonia radiata,-42.59211,148.05035,4.8
Maria Island,Painted Cliffs,2006,Ecklonia radiata,-42.59211,148.05035,4
Maria Island,Painted Cliffs,2007,Ecklonia radiata,-42.59211,148.05035,9.9
Maria Island,Painted Cliffs,2008,Ecklonia radiata,-42.59211,148.05035,14.4
Maria Island,Painted Cliffs,2009,Ecklonia radiata,-42.59211,148.05035,6
Maria Island,Painted Cliffs,2010,Ecklonia radiata,-42.59211,148.05035,8.8
Maria Island,Painted Cliffs,2011,Ecklonia radiata,-42.59211,148.05035,2.4
Maria Island,Painted Cliffs,2012,Ecklonia radiata,-42.59211,148.05035,10.26666667
Maria Island,Painted Cliffs,2013,Ecklonia radiata,-42.59211,148.05035,9.2
Maria Island,Painted Cliffs,2014,Ecklonia radiata,-42.59211,148.05035,7.4
Maria Island,Painted Cliffs,2015,Ecklonia radiata,-42.59211,148.05035,21.6
Maria Island,Painted Cliffs,2016,Ecklonia radiata,-42.59211,148.05035,14
Maria Island,Painted Cliffs,2017,Ecklonia radiata,-42.59211,148.05035,2.8
Maria Island,Painted Cliffs,2018,Ecklonia radiata,-42.59211,148.05035,17.6
Maria Island,Painted Cliffs,2019,Ecklonia radiata,-42.59211,148.05035,7.6
Maria Island,Painted Cliffs,2020,Ecklonia radiata,-42.59211,148.05035,22.7
Maria Island,Painted Cliffs,2021,Ecklonia radiata,-42.59211,148.05035,22
Maria Island,Painted Cliffs,2022,Ecklonia radiata,-42.59211,148.05035,14
Maria Island,Painted Cliffs,2023,Ecklonia radiata,-42.59211,148.05035,11.7
Maria Island,Painted Cliffs South (Four Mile Reef),1992,Ecklonia radiata,-42.6025,148.04628,9.6
Maria Island,Painted Cliffs South (Four Mile Reef),1995,Ecklonia radiata,-42.6025,148.04628,16.1
Maria Island,Painted Cliffs South (Four Mile Reef),1996,Ecklonia radiata,-42.6025,148.04628,25.9
Maria Island,Painted Cliffs South (Four Mile Reef),1997,Ecklonia radiata,-42.6025,148.04628,31.2
Maria Island,Painted Cliffs South (Four Mile Reef),1998,Ecklonia radiata,-42.6025,148.04628,20.3
Maria Island,Painted Cliffs South (Four Mile Reef),1999,Ecklonia radiata,-42.6025,148.04628,23.2
Maria Island,Painted Cliffs South (Four Mile Reef),2000,Ecklonia radiata,-42.6025,148.04628,26
Maria Island,Painted Cliffs South (Four Mile Reef),2001,Ecklonia radiata,-42.6025,148.04628,16
Maria Island,Painted Cliffs South (Four Mile Reef),2004,Ecklonia radiata,-42.6025,148.04628,26.2
Maria Island,Painted Cliffs South (Four Mile Reef),2006,Ecklonia radiata,-42.6025,148.04628,14.3
Maria Island,Painted Cliffs South (Four Mile Reef),2007,Ecklonia radiata,-42.6025,148.04628,20
Maria Island,Painted Cliffs South (Four Mile Reef),2008,Ecklonia radiata,-42.6025,148.04628,9.2
Maria Island,Painted Cliffs South (Four Mile Reef),2009,Ecklonia radiata,-42.6025,148.04628,32.5
Maria Island,Painted Cliffs South (Four Mile Reef),2010,Ecklonia radiata,-42.6025,148.04628,28.6
Maria Island,Painted Cliffs South (Four Mile Reef),2011,Ecklonia radiata,-42.6025,148.04628,41.6
Maria Island,Painted Cliffs South (Four Mile Reef),2012,Ecklonia radiata,-42.6025,148.04628,36.5
Maria Island,Painted Cliffs South (Four Mile Reef),2013,Ecklonia radiata,-42.6025,148.04628,46.1
Maria Island,Painted Cliffs South (Four Mile Reef),2014,Ecklonia radiata,-42.6025,148.04628,31.2
Maria Island,Painted Cliffs South (Four Mile Reef),2015,Ecklonia radiata,-42.6025,148.04628,22.5
Maria Island,Painted Cliffs South (Four Mile Reef),2016,Ecklonia radiata,-42.6025,148.04628,35.3
Maria Island,Painted Cliffs South (Four Mile Reef),2017,Ecklonia radiata,-42.6025,148.04628,28.6
Maria Island,Painted Cliffs South (Four Mile Reef),2018,Ecklonia radiata,-42.6025,148.04628,15.2
Maria Island,Painted Cliffs South (Four Mile Reef),2019,Ecklonia radiata,-42.6025,148.04628,23.5
Maria Island,Painted Cliffs South (Four Mile Reef),2020,Ecklonia radiata,-42.6025,148.04628,26.8
Maria Island,Painted Cliffs South (Four Mile Reef),2021,Ecklonia radiata,-42.6025,148.04628,45.6
Maria Island,Painted Cliffs South (Four Mile Reef),2022,Ecklonia radiata,-42.6025,148.04628,31.9
Maria Island,Painted Cliffs South (Four Mile Reef),2023,Ecklonia radiata,-42.6025,148.04628,30.5
Maria Island,Point Holme Lookout,1992,Ecklonia radiata,-42.55305,147.94814,15.8
Maria Island,Point Holme Lookout,1995,Ecklonia radiata,-42.55305,147.94814,24.5
Maria Island,Point Holme Lookout,1996,Ecklonia radiata,-42.55305,147.94814,21.9
Maria Island,Point Holme Lookout,1997,Ecklonia radiata,-42.55305,147.94814,37.1
Maria Island,Point Holme Lookout,1998,Ecklonia radiata,-42.55305,147.94814,30.7
Maria Island,Point Holme Lookout,1999,Ecklonia radiata,-42.55305,147.94814,34
Maria Island,Point Holme Lookout,2000,Ecklonia radiata,-42.55305,147.94814,25.4
Maria Island,Point Holme Lookout,2001,Ecklonia radiata,-42.55305,147.94814,16.2
Maria Island,Point Holme Lookout,2004,Ecklonia radiata,-42.55305,147.94814,12.8
Maria Island,Point Holme Lookout,2006,Ecklonia radiata,-42.55305,147.94814,17.6
Maria Island,Point Holme Lookout,2007,Ecklonia radiata,-42.55305,147.94814,4
Maria Island,Point Holme Lookout,2008,Ecklonia radiata,-42.55305,147.94814,4
Maria Island,Point Holme Lookout,2009,Ecklonia radiata,-42.55305,147.94814,19.2
Maria Island,Point Holme Lookout,2010,Ecklonia radiata,-42.55305,147.94814,6
Maria Island,Point Holme Lookout,2012,Ecklonia radiata,-42.55305,147.94814,8
Maria Island,Point Holme Lookout,2013,Ecklonia radiata,-42.55305,147.94814,14.4
Maria Island,Point Holme Lookout,2014,Ecklonia radiata,-42.55305,147.94814,11.06666667
Maria Island,Point Holme Lookout,2015,Ecklonia radiata,-42.55305,147.94814,13.33333333
Maria Island,Point Holme Lookout,2016,Ecklonia radiata,-42.55305,147.94814,7.2
Maria Island,Point Holme Lookout,2017,Ecklonia radiata,-42.55305,147.94814,13.8
Maria Island,Point Holme Lookout,2018,Ecklonia radiata,-42.55305,147.94814,15.46666667
Maria Island,Point Holme Lookout,2019,Ecklonia radiata,-42.55305,147.94814,12
Maria Island,Point Holme Lookout,2020,Ecklonia radiata,-42.55305,147.94814,13.73333333
Maria Island,Point Holme Lookout,2021,Ecklonia radiata,-42.55305,147.94814,17.6
Maria Island,Point Holme Lookout,2022,Ecklonia radiata,-42.55305,147.94814,16
Maria Island,Point Holme Lookout,2023,Ecklonia radiata,-42.55305,147.94814,9.4
Maria Island,Point Leseuer,1992,Ecklonia radiata,-42.66082,148.00697,37.8
Maria Island,Point Leseuer,1993,Ecklonia radiata,-42.66082,148.00697,20.4
Maria Island,Point Leseuer,1995,Ecklonia radiata,-42.66082,148.00697,19.2
Maria Island,Point Leseuer,1996,Ecklonia radiata,-42.66082,148.00697,8.2
Maria Island,Point Leseuer,1997,Ecklonia radiata,-42.66082,148.00697,18.8
Maria Island,Point Leseuer,1998,Ecklonia radiata,-42.66082,148.00697,4.266666667
Maria Island,Point Leseuer,1999,Ecklonia radiata,-42.66082,148.00697,21.46666667
Maria Island,Point Leseuer,2000,Ecklonia radiata,-42.66082,148.00697,8.8
Maria Island,Point Leseuer,2001,Ecklonia radiata,-42.66082,148.00697,12.6
Maria Island,Point Leseuer,2004,Ecklonia radiata,-42.66082,148.00697,4
Maria Island,Point Leseuer,2006,Ecklonia radiata,-42.66082,148.00697,4
Maria Island,Point Leseuer,2007,Ecklonia radiata,-42.66082,148.00697,5.4
Maria Island,Point Leseuer,2008,Ecklonia radiata,-42.66082,148.00697,8
Maria Island,Point Leseuer,2009,Ecklonia radiata,-42.66082,148.00697,4.8
Maria Island,Point Leseuer,2010,Ecklonia radiata,-42.66082,148.00697,2.4
Maria Island,Point Leseuer,2011,Ecklonia radiata,-42.66082,148.00697,2
Maria Island,Point Leseuer,2012,Ecklonia radiata,-42.66082,148.00697,3.2
Maria Island,Point Leseuer,2015,Ecklonia radiata,-42.66082,148.00697,2.533333333
Maria Island,Point Leseuer,2016,Ecklonia radiata,-42.66082,148.00697,1.6
Maria Island,Point Leseuer,2017,Ecklonia radiata,-42.66082,148.00697,3.7
Maria Island,Point Leseuer,2018,Ecklonia radiata,-42.66082,148.00697,2.533333333
Maria Island,Point Leseuer,2019,Ecklonia radiata,-42.66082,148.00697,2.7
Maria Island,Point Leseuer,2020,Ecklonia radiata,-42.66082,148.00697,4.933333333
Maria Island,Point Leseuer,2021,Ecklonia radiata,-42.66082,148.00697,4.533333333
Maria Island,Point Leseuer,2022,Ecklonia radiata,-42.66082,148.00697,9.3
Maria Island,Point Leseuer,2023,Ecklonia radiata,-42.66082,148.00697,18.93333333
Maria Island,Return Point,1992,Ecklonia radiata,-42.62899,148.02431,15.86666667
Maria Island,Return Point,1996,Ecklonia radiata,-42.62899,148.02431,43.5
Maria Island,Return Point,1997,Ecklonia radiata,-42.62899,148.02431,43.1
Maria Island,Return Point,1998,Ecklonia radiata,-42.62899,148.02431,38.9
Maria Island,Return Point,1999,Ecklonia radiata,-42.62899,148.02431,37.5
Maria Island,Return Point,2000,Ecklonia radiata,-42.62899,148.02431,25.8
Maria Island,Return Point,2001,Ecklonia radiata,-42.62899,148.02431,6.5
Maria Island,Return Point,2004,Ecklonia radiata,-42.62899,148.02431,1.6
Maria Island,Return Point,2006,Ecklonia radiata,-42.62899,148.02431,31.4
Maria Island,Return Point,2007,Ecklonia radiata,-42.62899,148.02431,41
Maria Island,Return Point,2008,Ecklonia radiata,-42.62899,148.02431,26.1
Maria Island,Return Point,2009,Ecklonia radiata,-42.62899,148.02431,23.2
Maria Island,Return Point,2010,Ecklonia radiata,-42.62899,148.02431,44.7
Maria Island,Return Point,2011,Ecklonia radiata,-42.62899,148.02431,55.9
Maria Island,Return Point,2012,Ecklonia radiata,-42.62899,148.02431,44.8
Maria Island,Return Point,2013,Ecklonia radiata,-42.62899,148.02431,49.1
Maria Island,Return Point,2015,Ecklonia radiata,-42.62899,148.02431,25.73333333
Maria Island,Return Point,2016,Ecklonia radiata,-42.62899,148.02431,13.6
Maria Island,Return Point,2017,Ecklonia radiata,-42.62899,148.02431,26.5
Maria Island,Return Point,2018,Ecklonia radiata,-42.62899,148.02431,20.6
Maria Island,Return Point,2019,Ecklonia radiata,-42.62899,148.02431,23.9
Maria Island,Return Point,2020,Ecklonia radiata,-42.62899,148.02431,29.1
Maria Island,Return Point,2021,Ecklonia radiata,-42.62899,148.02431,42.5
Maria Island,Return Point,2022,Ecklonia radiata,-42.62899,148.02431,41.1
Maria Island,Return Point,2023,Ecklonia radiata,-42.62899,148.02431,43.7
Maria Island,Rheban,2006,Ecklonia radiata,-42.6258,147.93912,18
Maria Island,Spring Beach,1992,Ecklonia radiata,-42.58359,147.91566,22.2
Maria Island,Spring Beach,1995,Ecklonia radiata,-42.58359,147.91566,32.6
Maria Island,Spring Beach,1996,Ecklonia radiata,-42.58359,147.91566,33.3
Maria Island,Spring Beach,1997,Ecklonia radiata,-42.58359,147.91566,34.2
Maria Island,Spring Beach,1998,Ecklonia radiata,-42.58359,147.91566,38.7
Maria Island,Spring Beach,1999,Ecklonia radiata,-42.58359,147.91566,32.5
Maria Island,Spring Beach,2000,Ecklonia radiata,-42.58359,147.91566,34.6
Maria Island,Spring Beach,2001,Ecklonia radiata,-42.58359,147.91566,15.1
Maria Island,Spring Beach,2002,Ecklonia radiata,-42.58359,147.91566,21.9
Maria Island,Spring Beach,2004,Ecklonia radiata,-42.58359,147.91566,18.8
Maria Island,Spring Beach,2006,Ecklonia radiata,-42.58359,147.91566,49
Maria Island,Spring Beach,2007,Ecklonia radiata,-42.58359,147.91566,19
Maria Island,Spring Beach,2008,Ecklonia radiata,-42.58359,147.91566,35
Maria Island,Spring Beach,2009,Ecklonia radiata,-42.58359,147.91566,25.4
Maria Island,Spring Beach,2010,Ecklonia radiata,-42.58359,147.91566,37.1
Maria Island,Spring Beach,2012,Ecklonia radiata,-42.58359,147.91566,23.33333333
Maria Island,Spring Beach,2013,Ecklonia radiata,-42.58359,147.91566,38.3
Maria Island,Spring Beach,2014,Ecklonia radiata,-42.58359,147.91566,30.4
Maria Island,Spring Beach,2015,Ecklonia radiata,-42.58359,147.91566,13.9
Maria Island,Spring Beach,2016,Ecklonia radiata,-42.58359,147.91566,18.8
Maria Island,Spring Beach,2017,Ecklonia radiata,-42.58359,147.91566,15.1
Maria Island,Spring Beach,2018,Ecklonia radiata,-42.58359,147.91566,18.5
Maria Island,Spring Beach,2019,Ecklonia radiata,-42.58359,147.91566,25.7
Maria Island,Spring Beach,2020,Ecklonia radiata,-42.58359,147.91566,35.5
Maria Island,Spring Beach,2021,Ecklonia radiata,-42.58359,147.91566,28.5
Maria Island,Spring Beach,2022,Ecklonia radiata,-42.58359,147.91566,26.5
Maria Island,Spring Beach,2023,Ecklonia radiata,-42.58359,147.91566,27.4
Maria Island,Whalers Cove,1992,Ecklonia radiata,-42.66368,148.11461,67.1
Maria Island,Whalers Cove,1993,Ecklonia radiata,-42.66368,148.11461,60.1
Maria Island,Whalers Cove,1997,Ecklonia radiata,-42.66368,148.11461,64.5
Maria Island,Whalers Cove,1999,Ecklonia radiata,-42.66368,148.11461,49.6
Maria Island,Whalers Cove,2000,Ecklonia radiata,-42.66368,148.11461,61.3
